cc_num,n,sum_amt,last_ts,age,city_pop,lat,long
60416207185,1518,85043.47,1371804861,34,1645,43.0048,-108.8964
60422928733,1531,105640.2,1371806368,78,46944,33.6028,-81.9748
60423098130,510,58673.630000000005,1371604471,62,83,36.9412,-98.2458
60427851591,528,59129.61,1371647164,44,2142,35.3492,-99.188
60487002085,496,25160.11,1371743076,48,233060,32.3739,-90.1293
60490596305,1010,73531.44,1371769002,57,222,34.8838,-90.7666
60495593109,518,29523.69,1371784622,78,1263321,32.7699,-96.743
501802953619,1559,105725.56,1371805681,62,308,41.5403,-122.9366
501818133297,8,4946.54,1366932113,79,172247,27.8942,-82.6746
501828204849,515,37041.66,1371728186,62,602,37.1641,-96.6917
501831082224,1026,62874.97,1371791562,58,1762,40.9493,-78.3129
501851115094,15,6467.8099999999995,1332718131,20,1439,48.0379,-118.9419
501882822387,506,33222.23,1371743418,59,2799,31.4285,-90.8578
501894933032,7,3741.75,1342306746,70,1577385,40.7547,-73.9925
501899453424,1520,99202.86,1371787727,50,67082,33.9845,-85.9077
502012776709,2001,127686.6,1371810912,75,165,42.6315,-75.1866
502038091380,1574,145935.23,1371813865,40,1201,36.6704,-93.0377
502049568400,1032,71884.75,1371798942,58,370,41.7918,-72.7188
503848303379,1549,99595.92,1371800052,44,3776,26.529,-82.0916
503874407318,2565,156604.7,1371802037,45,1595797,29.5894,-98.5201
503886119844,9,6319.63,1371340390,71,7879,43.857,-70.1031
560881134780,512,36423.63,1371785476,67,136,41.0356,-85.7358
561942763351,1563,139910.23,1371788114,34,601723,38.9087,-77.0414
565399283797,521,53662.05,1371793804,27,641,42.8801,-117.281
567868110212,2558,213039.8,1371770347,36,2906700,29.7736,-95.4034
568279015842,1070,97101.83,1371755724,29,291,46.5522,-96.7909
570273151375,509,29003.12,1371761436,55,112,32.6064,-83.2095
571314334723,510,32200.93,1371785734,49,2379,39.8882,-79.8694
571365235126,3123,191918.03,1371769087,25,372,44.5995,-86.2141
571465035400,2009,184945.6,1371812221,44,1645,43.0048,-108.8964
571844099986,1542,99329.33,1371811450,68,736284,38.2507,-85.7476
573283817795,533,32073.66,1371761022,70,5457,42.8178,-72.0275
573860193545,2092,123801.12,1371763964,34,27020,42.0765,-87.7246
577588686219,1494,104313.8,1371759205,23,972,40.6153,-79.4545
577891228931,12,8789.74,1328744228,58,16955,45.3304,-118.0852
580954173374,1034,65300.62,1371802239,60,3487,41.2496,-73.9446
581293083266,1559,155847.0,1371745077,31,1078,36.385,-98.0727
581508178315,503,48899.14,1371681623,42,407,32.2819,-98.5673
581686439828,2552,144016.04,1371812110,47,5507,41.5205,-80.0573
583699482621,1505,100972.57,1371787626,84,15426,44.3481,-89.1101
584673555952,2036,125572.94,1371802754,90,307,47.5196,-101.2332
630412733309,516,30268.27,1371773737,56,1038,46.368,-87.9938
630423337322,3030,163466.44,1371801553,42,149,48.8878,-118.2105
630424987505,3099,179584.45,1371815562,39,836,39.1505,-79.503
630425673344,1562,111329.77,1371815704,50,365,38.388000000000005,-79.9906
630441765090,2023,138146.56,1371812910,55,1791,31.9571,-98.9656
630451534402,3074,190975.99,1371777316,48,765,46.3535,-86.6345
630469040731,2047,124645.52,1371756919,84,1288,45.67100000000001,-121.8686
630471368021,529,53668.33,1371746415,46,1480,36.5422,-88.3319
630484879808,2003,188061.88,1371813567,47,123,36.4992,-120.0936
639023984367,2562,156000.51,1371806355,29,69,44.6087,-74.9732
639030014711,1033,94721.85,1371767338,38,639,37.1935,-89.0933
639046421587,1003,91754.31,1371767327,34,1140,40.5662,-80.2099
639077309909,505,32840.17,1371711032,53,92337,39.8854,-105.1139
639095706599,538,35815.45,1371793748,81,223,42.9633,-94.7975
675909898057,1017,98422.99,1371804307,56,7987,41.136,-73.7009
675945690716,1570,95650.37,1371804471,20,28425,40.7687,-80.3592
675961917837,540,47073.26,1371779999,53,142,40.6267,-96.7456
675990301623,2042,112762.0,1371781548,26,2456,41.0767,-74.5982
676102124465,2091,187586.22,1371767828,35,94014,38.4549,-122.2564
676118385837,1029,72423.1,1371791800,83,1252,44.9897,-122.6187
676148621961,1034,67262.78,1371810130,58,91,39.1118,-89.7855
676173792455,1538,107049.69,1371720250,59,92043,34.0287,-118.4924
676179782773,11,8247.53,1348962407,62,151022,42.656000000000006,-73.7508
676195318214,2051,121176.89,1371768674,37,106,29.6047,-96.5249
676234256292,508,49441.2,1371588654,28,126,34.298,-114.156
676245600876,1035,75467.27,1371792950,60,459921,26.7197,-80.1248
676248282243,1027,65173.73,1371815849,52,156391,26.6939,-81.9452
676275912597,529,50631.83,1371624352,34,2223,44.8955,-85.4082
676281772837,1524,114334.38,1371796222,70,3430,30.8836,-84.3246
676292294938,523,36642.28,1371806751,93,104,41.2336,-75.2389
676298633337,1528,88274.34,1371726391,49,255,39.4125,-80.6352
676308307625,519,36643.34,1371782367,31,4290,39.2669,-119.8174
676309913934,1048,59589.16,1371783274,32,151815,38.2352,-104.66
676314217768,522,46818.29,1371811026,48,9512,38.9829,-93.9757
676326610042,504,46610.43,1371668063,27,15623,42.1782,-83.2461
676327197445,8,6197.95,1350776235,71,7322,41.0381,-73.8597
676369110710,2049,113588.93,1371752312,46,75830,42.4969,-83.2911
676372984911,2574,150208.49,1371803814,33,242,39.7562,-98.4462
4006047418382,1009,65550.62,1371794785,52,1565,36.8347,-84.4436
4026222041577,522,47702.77,1371617667,43,4720,41.5224,-71.9934
4066595222529,1519,91524.03,1371812324,89,571,37.8795,-82.7251
4076173495454,12,7807.280000000001,1332543569,23,239,66.6933,-153.994
4079773899158,2038,126847.04,1371814652,55,129,44.6255,-116.4493
4103158249977,506,46891.42,1371763715,38,1571,33.6666,-101.5277
4149635823017,2016,127738.45,1371788155,43,3996,33.9778,-86.5598
4158008602445,526,28981.76,1371656829,41,1201,44.5274,-93.0196
4169388510116,1535,97643.75,1371752223,58,207,43.033,-77.1575
4186530744674,1581,106809.54,1371798194,54,4913,33.3645,-81.2718
4189814094741,502,31188.93,1371756372,22,4159,33.7367,-86.1619
4195740185974,1023,63451.69,1371775691,57,841711,45.5303,-122.7033
4198470814557,2028,117961.01,1371815559,49,2036,41.4768,-95.3509
4220345354880,1557,111345.77,1371810806,60,24840,42.8223,-83.2829
4239436242473,1049,63456.94,1371735654,29,321490,38.832,-77.12
4247921790666,1549,110189.95,1371808818,81,22305,39.537,-83.455
4259996134423,1026,70914.95,1371801306,52,215,38.1485,-98.6408
4260128500325,1466,108067.99,1371816095,23,230,37.2409,-82.7696
4279161831637,1006,60683.46,1371762414,33,2303,40.0246,-79.6955
4294930380592,2075,125069.65,1371800192,80,1363,37.3696,-80.1284
4306630852918,1030,74507.14,1371732850,60,927396,38.6171,-90.4504
4383521454815,1041,72478.21,1371787453,33,910148,39.9347,-86.1633
4393520897625,1036,103573.23,1371811437,38,1442,39.3391,-95.0999
4396682467723,524,38256.73,1371796236,60,214518,36.2815,-115.1482
4427805710168,1538,66059.67,1371685833,20,8874,33.3305,-105.6933
4440581794652,523,37687.01,1371598662,60,1241364,33.0067,-117.069
4457486401506,10,6263.21,1353452470,55,23045,41.0977,-74.0109
4464457352619,2572,162263.25,1371816440,30,217,29.8826,-84.5964
4471568287204,1050,67651.48,1371786979,93,3402,36.4899,-79.4736
4476840372112,2109,111276.82,1371795620,41,3395,34.6689,-86.2296
4481131401752,1024,54942.32,1371762152,45,35299,42.2848,-71.7205
4500002361389,2015,120455.39,1371784286,55,470,38.2833,-75.8465
4505383113689,1008,72668.28,1371815695,87,3289,38.8582,-76.6145
4538566639857,1569,108255.85,1371808293,53,13835,40.817,-74.0
4561546772499,2554,161994.27,1371769979,32,7268,34.9889,-106.0609
4561892980175,1019,69151.67,1371801619,52,78968,39.596,-86.1309
4562827002127,1069,70766.39,1371801021,49,22930,40.0987,-84.6342
4585132874641,1535,92072.04,1371755403,48,271,39.7417,-93.6289
4586260469584,2037,126776.07,1371812526,67,1631,40.1362,-95.2138
4593569795412,19,8431.93,1330221328,23,121,40.0456,-97.4735
4598025465633,9,4404.16,1351985372,49,28425,40.7687,-80.3592
4600155880464,535,39743.77,1371798815,51,459921,26.7832,-80.0638
4601636330889,1005,69600.68,1371800545,30,194500,30.0041,-95.2825
4605902936394,516,32135.52,1371613317,61,1263321,32.876999999999995,-96.708
4613314721966,1513,151777.39,1371806928,32,885,35.9946,-81.7266
4623560839669,2069,138003.86,1371806863,66,695,42.2619,-94.5566
4629125581019,12,8511.91,1356907997,62,4870,35.173,-84.6544
4640395708703,2038,123886.06,1371814246,69,1178,30.6576,-91.6264
4642894980163,2021,120462.62,1371763827,30,7297,40.7491,-95.038
4658117080136,1004,72836.85,1371765025,31,5662,35.7206,-108.0271
4681699462969,2576,156983.7,1371785391,42,158701,35.8596,-86.421
4683638447911,2051,197587.1,1371783918,48,1261,30.251,-92.5002
4687263141103,521,35152.98,1371747733,43,399,43.5336,-95.6515
4745996322265,2922,230041.75,1371809608,22,1423,41.4802,-86.6919
4748866581408,10,7131.84,1369868850,86,31702,30.5471,-88.4927
4755696071492,2591,159036.96,1371812871,35,20328,32.9643,-96.6012
4760122961662,506,34279.95,1371795262,87,1202,41.1116,-83.50200000000001
4783226709001,1560,96649.63,1371813244,59,320,38.5957,-99.554
4788103653396,1002,72180.26,1371812050,79,36784,39.6321,-84.2675
4806443445305,521,34327.1,1371572479,19,21635,38.5294,-82.6654
4807552641361,510,35034.9,1371810828,66,133,40.2158,-83.9579
4809701904914,2002,170757.85,1371803407,36,59744,32.4204,-85.0796
4844243189971,10,5858.01,1337642096,56,111772,33.9581,-118.1174
4862293128558,2088,132072.19,1371815810,64,489,41.0036,-78.1104
4900628639996,2568,152881.76,1371799315,47,105549,33.9056,-118.0818
4917226033950,521,33310.58,1371736353,88,800,32.2844,-86.992
4957924165498,1045,69216.93,1371784041,65,207,39.6171,-102.4776
4975457191020,7,4008.75,1347663147,56,242803,36.8294,-76.2701
4981132848794,1525,95104.77,1371794561,74,128,40.0113,-80.9701
4988304376504,2052,133746.9,1371809735,83,2258,41.4575,-74.1659
4990494243023,2069,132139.85,1371815616,60,626,39.6967,-78.8031
30011465039817,501,43939.45,1371677851,49,4015,42.3496,-73.5873
30026790933302,2035,189228.01,1371791403,41,595,32.9013,-91.0286
30029052116970,2080,118440.17,1371786480,50,3833,42.1239,-79.1895
30030380240193,2024,187286.11,1371815331,27,2395,30.2816,-99.241
30033162392091,1043,104274.43,1371768376,45,566,42.277,-97.1926
30042378430132,498,25032.79,1371711275,44,21902,40.9051,-73.3309
30044330818990,2524,222480.84,1371812144,35,224256,26.4722,-81.8122
30074693890476,2057,185726.19,1371808996,27,2691,37.9931,-100.9893
30082025922891,1550,107295.59,1371813974,86,276002,26.1184,-81.7361
30092964733035,1052,84424.76,1371797714,49,14228,38.6207,-83.8067
30103132002433,1035,87155.63,1371708748,33,3688,41.0001,-78.2357
30118423745458,2054,123996.64,1371810408,27,30770,40.4109,-74.238
30131826429364,2587,225139.35,1371809791,26,391389,35.9335,-84.1481
30135235368675,1559,137561.26,1371787450,28,123373,39.1412,-94.3515
30143535920989,1514,86154.81,1371796564,40,504,39.8016,-75.3478
30143713661454,1047,71158.15,1371807613,78,140,48.6669,-96.5969
30150717898388,1529,92780.5,1371806452,54,653,34.7031,-86.3068
30153452207526,1560,101960.86,1371707161,58,5908,31.8287,-99.427
30175986190993,2059,124566.73,1371774680,54,516,47.5375,-95.9941
30181367542315,523,31807.3,1371757093,67,2016,44.2415,-121.0113
30197398657930,2071,184672.54,1371793540,33,12335,36.1124,-78.6476
30199621383748,2564,216981.43,1371771651,43,4090,33.4044,-96.2238
30230540139182,1554,145890.03,1371805249,46,645,40.9661,-76.8575
30234966027947,2570,148181.73,1371816177,42,5196,43.9446,-88.0911
30235268718158,1524,108938.77,1371813635,43,11250,41.0592,-73.7395
30235438713303,2551,152727.3,1371796597,40,5512,38.5072,-81.89
30238755902988,3071,169032.61,1371805241,44,1766,30.592,-97.2893
30242921189660,1028,63523.23,1371812314,62,937,45.3637,-84.4695
30248898834493,1025,64885.16,1371731326,67,1897,32.1482,-99.1872
30263540414123,1513,95594.78,1371816728,59,258,37.7175,-112.4777
30266994494236,1507,81863.49,1371814853,44,1051,37.1349,-77.7364
30270432095985,3006,164394.46,1371744429,48,725,40.6761,-91.0391
30273037698427,2949,214442.24,1371780544,20,111,35.5762,-91.4539
30290551782700,1522,100073.92,1371813855,59,13422,36.802,-87.8286
30328384440870,1543,100931.97,1371814150,66,602,40.029,-93.1607
30343344410970,1523,107119.88,1371790583,58,4172,41.4622,-79.1306
30344654314976,1023,63105.0,1371762700,53,1725,39.8127,-120.6405
30357372465631,524,31507.27,1371765382,53,1628,43.6718,-89.1918
30360260465747,512,37977.74,1371806472,58,754,41.1949,-89.4409
30364087349027,1523,85660.79,1371797489,38,7163,35.8896,-96.0887
30371006069917,1014,61010.45,1371802956,59,2135,38.138000000000005,-89.2231
30373802285317,529,38739.48,1371725937,64,35705,34.1092,-117.7183
30376238035123,1043,66808.57,1371734158,92,217,42.825,-124.4409
30404291151692,1058,99938.43,1371714464,27,45100,43.0498,-78.851
30407675418785,2048,134883.93,1371807281,29,520,42.1939,-76.7361
30408301059761,520,55550.759999999995,1371679773,47,4471,33.3364,-80.1859
30427035050508,1021,78105.89,1371634032,51,673342,42.377,-83.0796
30428204673351,2033,198108.02,1371784523,38,823,40.3087,-76.2963
30434173205605,502,40345.98,1371772175,25,917,44.453,-123.1065
30442439074871,1551,142197.15,1371770305,39,6508,41.5744,-75.5881
30446018552504,532,32485.1,1371771457,27,608,33.8396,-96.3648
30487648872433,1029,58114.9,1371701953,65,350,38.097,-86.1723
30491348102802,504,26992.04,1371809423,67,169,39.6094,-100.4112
30499715231997,12,7045.77,1347320051,81,9141,37.9986,-77.8781
30501624614310,2058,123209.1,1371786946,47,302,32.6786,-81.2455
30510856607165,526,29594.88,1371797850,55,96942,42.3958,-83.3772
30518196150127,496,32589.25,1371764653,45,1807,40.3625,-87.6692
30518206766474,1519,95981.09,1371760553,41,1019,36.7154,-89.6287
30541100351706,525,31229.54,1371673261,30,316665,30.0377,-95.5326
30546453310167,1000,69899.01,1371800282,65,7430,43.4512,-71.48899999999999
30551643947183,2585,223866.0,1371808186,47,5621,35.1836,-81.4552
30560609640617,1567,91263.85,1371806473,54,519,40.4931,-91.8912
30561214688470,2107,102164.67,1371796828,22,166081,40.5891,-75.4645
30570197515105,507,34828.42,1371807801,75,5732,31.086,-85.7192
30596478689301,515,30087.68,1371805835,33,122111,39.8422,-105.1097
36078114201167,2015,118791.07,1371777858,94,798,37.2692,-82.9161
36153880429415,1060,91816.09,1371776772,71,237282,28.1762,-81.9591
36192615525683,506,46320.909999999996,1371813530,44,641349,35.1506,-106.569
36360452125889,518,34022.65,1371783501,66,4778,44.797,-73.5112
36485887555770,1959,143028.29,1371816293,15,267,40.4971,-82.8342
36581538659449,519,34185.88,1371802736,29,3730,35.0149,-85.0164
36721445180895,1535,100502.7,1371803662,52,1666,42.4999,-74.6117
36722699017270,3119,280008.05,1371807745,33,2872,33.2887,-111.0985
36890292963032,514,37455.69,1371804467,70,1100,33.0437,-81.7106
36913587729122,2498,215804.74,1371753536,49,84106,43.6498,-116.4306
38014427445058,516,30856.91,1371812662,74,3508,43.8967,-89.8219
38052002992326,2588,124081.92,1371814387,25,34153,30.33,-95.0202
38057513087029,1510,82076.18,1371767274,23,973849,37.3304,-121.7913
38199021865320,2097,202428.03,1371767858,32,477,43.196000000000005,-72.3001
38295635583927,2052,113131.52,1371814418,37,178,33.3749,-99.8473
38530489946071,2044,127139.52,1371807967,31,530,34.9572,-81.9916
38534201672254,9,4908.57,1351295366,79,17558,38.8852,-77.3233
38544312728630,518,40982.45,1371710300,29,51427,26.3771,-81.7334
38580485618059,2066,120744.19,1371813909,52,248,48.8856,-103.0098
38588538868506,2048,126846.89,1371801599,30,498,30.1886,-103.2214
38797410705641,1548,151347.42,1371811865,49,277,42.4069,-74.1528
38817501916673,8,3023.4,1327961011,22,2749,35.4359,-81.3385
38859492057661,503,33132.63,1371712740,58,4154,42.1808,-112.262
38947654498698,1500,81897.43,1371809554,41,321,39.3543,-82.50299999999999
180011453250192,2065,197492.15,1371803505,27,1504,41.2153,-90.9879
180014262259255,1019,73771.98,1371802092,62,2566,31.571,-86.2743
180017442990269,1045,69761.26,1371796898,81,151022,42.6853,-73.8253
180018375329178,1521,129486.42,1371804188,32,2523,42.3703,-84.2485
180031190491743,2539,236038.18,1371766863,48,270712,30.7145,-88.0918
180036456789979,2585,149752.48,1371814628,46,878,42.9207,-91.0685
180038493344495,10,6697.65,1354403425,62,837792,47.6633,-122.3022
180040027502291,491,28338.52,1371436742,63,1577385,40.7699,-73.9511
180040131978916,9,8265.83,1356133962,21,12478,42.2008,-79.8332
180042946491150,2029,118935.62,1371769149,31,341043,27.7898,-82.7243
180046165512893,1046,65509.08,1371794774,52,9587,44.8021,-122.7624
180046617132290,1024,68061.34,1371814071,78,3119,37.575,-88.9655
180046765320457,1014,68863.68,1371780269,57,192805,40.8027,-81.3739
180047222886866,496,30019.51,1371437234,29,1213,39.6704,-89.8588
180048185037117,3080,274019.88,1371799644,46,71485,40.6152,-74.415
180049032966888,2093,192657.95,1371814655,34,795,46.4959,-90.4383
180056173248083,1029,59204.85,1371783053,44,4474,43.4269,-85.2924
180058696935600,481,39357.9,1371754151,20,782,42.18899999999999,-74.9229
180064817343047,1538,94584.21,1371741458,53,344,37.9048,-86.524
180065479077096,1544,105370.03,1371811423,56,11751,39.6747,-76.8941
180067151859700,1525,138291.22,1371753787,28,128354,41.5378,-88.0572
180067784565096,2063,132074.09,1371800157,78,2328,42.9385,-88.395
180068353086472,510,47986.52,1371690361,44,190249,33.6773,-118.0051
180069253480336,1015,69336.1,1371792626,51,4533,41.5177,-78.2536
180072527505094,1517,98652.62,1371795608,67,69793,35.584,-80.8685
180081032825079,1039,64062.22,1371696077,65,466,34.047,-90.7652
180084576295055,1512,95228.85,1371809521,50,911,28.7724,-96.4793
180084695172649,503,46920.5,1371730408,35,3458,39.3036,-89.2853
180094419304907,3026,272866.42,1371808279,48,54287,33.7467,-117.1721
180094608895855,518,38597.6,1371779520,59,597,43.7575,-122.481
180097223252063,7,3203.73,1367017245,84,20133,41.1225,-88.8307
213102873001603,1526,100709.91,1371756994,64,260,43.7857,-124.1437
213107169859697,514,48657.73,1371664024,41,13983,40.8874,-111.9027
213112402583773,3117,179368.37,1371816473,36,1523,34.0326,-82.2027
213113028819344,1029,69663.75,1371813361,61,6460,43.3392,-75.7543
213113338379864,513,37317.28,1371767420,59,5451,39.4558,-76.4147
213114122496591,1024,63491.1,1371799402,57,1087,43.8295,-93.8282
213120463918358,1038,63010.83,1371803128,63,1758,32.955,-92.587
213124978348176,1503,91514.55,1371811665,58,1766,42.32,-78.0943
213125815021702,1556,94313.47,1371808651,89,397,42.074,-74.453
213126662687660,1530,98078.93,1371789153,49,248858,27.5155,-99.4986
213136802746375,480,32916.13,1371797031,65,1179,34.5189,-112.2523
213141712584544,3046,271661.15,1371816683,36,19685,32.153,-90.1217
213148039875802,1514,139917.05,1371780113,42,79613,27.9551,-82.2966
213153151785052,1544,72392.82,1371743049,23,9594,45.4963,-89.7273
213154573301411,1054,108082.54,1371801064,38,965,38.1981,-86.6821
213155997615567,1023,104248.19,1371789368,42,168,40.5503,-79.3237
213156747557083,2603,167152.2,1371803926,38,172817,34.1556,-118.2322
213157767990030,2562,240020.21,1371793820,36,27971,41.606,-109.23
213161231269724,1540,100244.36,1371793821,57,67082,34.048,-85.9246
213161293389774,1471,96060.64,1371809930,52,10256,43.0397,-77.6871
213161869125933,1558,93147.76,1371795106,50,190,44.6084,-70.6993
213163860545705,1026,97906.83,1371715910,34,741,33.141,-82.515
213173753804333,1554,103644.68,1371809525,61,5791,41.2244,-86.6966
213174467670432,1528,97748.5,1371812407,51,663,39.4015,-75.8654
213175487106448,1548,96359.17,1371779448,66,932,33.0771,-99.959
213178765398315,2002,119177.55,1371789299,27,19408,43.0351,-108.2024
213178850083780,1551,147127.38,1371805327,44,1302,45.8289,-118.4971
213180742685905,2036,120327.36,1371812349,69,1139,40.507,-123.9743
213186334552049,1037,56309.85,1371794277,48,528,41.8117,-79.2643
213186551511454,511,31547.9,1371779640,69,47,44.402,-70.8601
213186880359195,535,56480.77,1371798390,47,631,40.4855,-90.2856
213191402330021,1571,73737.51,1371681573,16,817312,42.9676,-88.0434
213193596103206,2073,196300.0,1371816522,26,95,45.7549,-84.447
213195754007681,1523,95744.47,1371782439,51,568,41.2001,-92.1354
213198837352314,497,52621.13,1371764544,29,365,38.0649,-99.2374
213199865312311,1504,91220.28,1371808516,76,74,34.9298,-84.9885
340103199302564,1044,69801.54,1371709123,86,12486,36.1183,-79.5685
340187018810220,7,1496.1,1325634282,59,1595797,29.44,-98.459
340214844585279,11,5767.01,1367618457,77,7511,36.1016,-84.5652
340951438290556,1517,144848.6,1371761425,49,5950,41.0442,-73.9609
340953839692349,2554,146354.54,1371764487,40,134056,42.5164,-82.9832
341283058448499,1046,63007.03,1371798985,85,1461,30.9788,-84.7373
341542810616333,1005,56944.93,1371792782,61,464,39.2048,-94.0259
341546199006537,1568,100373.9,1371787859,81,145,64.7556,-165.6723
342035762534413,510,42076.58,1371785828,21,976,37.7184,-77.186
342319985983023,1542,147164.47,1371780101,42,1988,42.1852,-74.6178
342351256941125,1555,136179.22,1371778950,30,3343,33.1194,-83.8235
342360239917375,504,35781.0,1371801905,50,1304,42.7045,-74.3648
342952484382519,3090,184162.8,1371805988,33,647,42.0158,-73.2913
343464013864032,1511,101850.14,1371814974,58,6629,35.8072,-78.0892
343472729187663,1025,68540.26,1371805424,49,1368,43.6849,-71.2551
343668971234893,1529,103382.59,1371801831,71,13717,33.9349,-80.8449
343746486082492,1540,94869.21,1371808263,45,3096,44.8605,-85.8138
343819048608995,1045,64559.55,1371808658,64,222785,41.5855,-93.6719
344342339068828,1532,97053.98,1371814912,53,5989,31.3826,-81.4312
344709867813900,3027,273723.12,1371802069,34,50835,27.4703,-81.4872
345060451158891,1031,64385.27,1371815050,60,1506,42.5232,-72.811
345225948700767,10,6149.41,1335741171,79,40470,38.4722,-82.6461
345389171551808,2087,117004.11,1371793861,36,3451,33.9215,-89.6782
345832460465610,1535,105795.17,1371789308,70,104396,38.8029,-77.2116
345933964507467,3077,181391.83,1371811818,35,718,38.4121,-75.2811
346208242862904,528,43637.6,1371720388,59,1577385,40.7105,-74.0163
346243940647414,492,32232.48,1371789468,37,9051,39.8974,-82.4071
346273234529002,2599,223440.82,1371816493,29,4575,37.7418,-80.4626
347073228412010,1052,98893.77,1371798312,47,110,44.6873,-104.4414
347612609554823,519,30542.19,1371751369,25,3228,44.8393,-69.2675
348253506557335,504,30219.51,1371792213,72,15647,30.4983,-88.3282
348379466427142,1025,73609.54,1371804987,63,139650,28.1384,-80.6524
348789608637806,2080,129854.37,1371803101,70,331,40.4542,-98.6538
349612764943496,1516,151215.59,1371814831,36,467,37.1046,-83.5706
349813394357327,8,6737.85,1351550253,62,2601,36.9766,-90.2848
370348764075623,1009,67748.76,1371801489,69,8512,30.5668,-90.482
370612217861404,1512,131671.12,1371714556,35,21125,40.1159,-74.8536
370818583810103,1002,68339.49,1371721219,44,3684,39.9373,-79.1865
370877495212014,2572,211302.71,1371810723,36,21134,36.2017,-81.1286
371009169330125,1519,93405.46,1371812177,17,5666,31.2462,-83.6549
371034293500716,1028,68795.25,1371795261,54,128,40.0235,-120.7986
371226440126102,2534,147286.44,1371809336,46,1810,38.9311,-89.2463
371284100299909,1023,58459.33,1371733243,44,513,34.8698,-100.6806
371284424780634,1028,67378.83,1371780232,68,254282,33.5466,-101.8871
371683116218417,513,33838.22,1371801503,91,18459,40.5716,-74.3167
371985236239474,1010,65178.73,1371804502,71,1970,42.9576,-75.4838
372246459334925,1569,96007.41,1371816002,50,1979,44.3566,-103.6999
372382441451095,1527,100683.42,1371791707,54,2471,41.8948,-73.9767
372509258176510,3054,275889.68,1371809709,35,6951,42.9147,-83.4845
372520049757633,2973,211808.75,1371794232,20,136,48.6031,-93.2977
373043435942726,1049,98183.65,1371649311,39,2457,29.479,-95.9681
373213026644490,534,32854.13,1371795839,33,1241364,32.7185,-117.1593
373905417449658,2562,224174.34,1371789675,50,2526,31.929,-97.6443
374125201044065,1534,103435.58,1371810543,50,601723,38.9757,-77.0282
374238209524200,1045,63569.79,1371814281,78,60,45.0838,-120.6649
374497717543058,2041,125721.42,1371797410,72,1190,47.1709,-100.7944
374656033243756,1535,93164.68,1371791417,36,207410,38.8954,-77.1633
374821819075109,495,36718.81,1371705260,93,9565,43.0622,-77.2218
374930071163758,2548,159819.61,1371804785,49,31515,42.2203,-83.3583
375082648741747,2048,107501.79,1371802737,44,346,47.0999,-96.727
375237305371366,536,42992.96,1371660994,92,8019,43.1128,-77.4906
375248307838179,2053,123872.39,1371783038,53,571,38.8564,-80.158
375534208663984,2017,191974.21,1371785731,34,99,38.4207,-79.4629
375623337201129,10,3273.02,1361577480,62,12568,45.4682,-93.2266
375767678113375,1512,116997.45,1371792528,58,4367,38.6476,-78.7717
375848982312810,1525,96650.7,1371809894,77,258,31.4841,-97.9903
375904527651269,1015,62451.65,1371810389,72,463,40.4591,-98.5551
375974680629816,2025,118120.78,1371802626,47,2376,41.6611,-73.0449
376012912828093,1012,65327.34,1371804995,51,92294,42.0144,-88.0935
376028110684021,2050,204477.6,1371806815,46,964,39.7795,-93.3014
376262134119629,1029,72628.13,1371776423,59,237282,27.9611,-81.9398
376445266762684,3061,169807.22,1371801083,38,1789,41.1558,-101.136
376656886990758,1537,107956.91,1371793949,35,2836,31.1569,-94.3871
376944481517097,529,37386.77,1371777322,63,15647,30.4983,-88.3282
377026671291680,2530,155522.84,1371808990,46,241,37.3272,-91.0243
377113842678100,2024,118863.79,1371788690,55,804,39.4055,-75.3209
377234009633447,2024,126453.25,1371799860,54,1925,39.3716,-77.8229
377264520876399,520,36230.07,1371667646,59,4424,34.3424,-80.5
377550167323848,1036,68763.18,1371793156,62,23045,44.0948,-70.23899999999999
377654590313960,1514,92886.14,1371812346,51,25459,36.0435,-84.04
377834944388609,495,35451.83,1371786804,53,6434,36.4539,-94.118
377895991033232,1033,76452.88,1371795196,56,5438,41.4682,-72.5751
377993105397617,2060,128367.81999999999,1371764816,45,5548,44.8755,-88.1555
378006354724784,514,46140.49,1371807093,38,395,38.5095,-78.2638
378262805520186,11,7229.89,1328312143,76,10150,30.4287,-90.1773
378278619832195,1558,106027.95,1371802530,56,191096,44.0385,-123.0614
378858024506425,1035,62961.83,1371805048,85,17047,33.5494,-111.9565
378904938837132,1535,79674.02,1371806003,34,1675,35.7382,-98.7388
379141394109214,504,32767.3,1371815222,54,1514,33.8084,-81.5956
379897244598068,1041,70389.31,1371799558,90,3263,38.3039,-85.4834
2222001896600109,1538,84626.83,1371743654,48,2401,38.9318,-89.9618
2222157926772399,510,27677.16,1371703065,33,2211,33.4235,-96.3398
2224100459250597,492,33794.5,1371684111,57,1293,30.7906,-81.5607
2227671554547514,545,50388.53,1371736162,41,172247,27.9004,-82.7152
2229378226512508,1544,139530.54,1371798661,36,1360,43.4987,-90.2796
2229824890647120,529,37183.15,1371814294,62,1414,30.2508,-89.6011
2231186809828225,538,35719.01,1371793670,63,7420,32.0913,-83.7922
2233882705243596,1578,107945.85,1371808165,60,1923,33.357,-89.0473
2235335206132667,518,34866.97,1371783288,57,2089,40.6072,-83.9585
2235613922823698,2003,119840.66,1371755154,40,241,42.73,-104.7024
2242542703101233,2949,209016.52,1371815125,24,564,38.4921,-85.4524
2248348993063230,1016,73024.94,1371808033,60,51,41.0109,-81.2977
2248735346244816,2035,116082.04,1371807786,58,269,38.6411,-100.138
2252055259910912,2024,184011.25,1371797938,29,828,44.6437,-90.1031
2254799658404120,1522,122144.42,1371752514,33,94325,30.946,-83.2474
2254917871818484,2578,156237.03,1371810265,44,313,38.0828,-76.3477
2256234701263057,1038,69557.95,1371717936,72,2971,43.5103,-72.1334
2260801330657968,519,39271.48,1371402270,94,4845,42.3066,-71.9202
2264937662466770,2558,164891.56,1371788483,25,1595797,29.3641,-98.4924
2266735643685262,2050,121114.19,1371810760,48,5901,34.4959,-86.259
2268221587779419,500,44063.55,1371669535,35,299480,45.6892,-122.6616
2269768987945882,1577,107954.02,1371800121,62,4895,42.6835,-77.8664
2274911989136158,509,36392.75,1371647970,88,84861,39.5102,-104.7216
2280870154157385,524,38040.13,1371640285,53,530,40.0994,-89.9601
2283743876903625,2562,128123.15,1371783507,23,165556,34.077,-84.3033
2284059275940012,503,35213.91,1371811623,51,3289,39.0945,-85.0638
2285066385084291,1021,65050.94,1371797999,32,4573,31.882,-88.9981
2286236465059468,1513,108026.64,1371811893,70,467,38.5319,-93.9221
2287277963630565,9,4539.62,1344555478,80,28506,40.8174,-72.9852
2288748891690227,519,35990.84,1371667939,53,641349,35.0561,-106.5506
2288813824604479,1537,131245.12,1371802790,39,1577385,40.8265,-73.9383
2291163933867244,1561,109741.88,1371725522,52,333497,33.9659,-80.9355
2295963260374698,10,6807.75,1347407004,70,98816,30.1382,-81.7742
2296006538441789,2033,101672.31,1371779981,21,2504700,40.6816,-73.9798
2297447006766555,2075,124194.62,1371814192,60,478,39.9972,-88.6962
2305336922781618,1563,102336.76,1371792351,59,1132,40.6866,-92.6833
2318062975163331,508,36575.16,1371710508,80,4593,39.4336,-91.0664
2348245054386329,1563,109473.41,1371814179,74,2518,42.1767,-79.9416
2356276337669917,1016,66167.3,1371666692,39,5848,38.9583,-76.2842
2358122155477959,536,40581.05,1371727170,96,9784,39.2092,-76.6681
2383461948823908,2037,122678.24,1371797509,64,1892,43.745,-70.9092
2450829271795901,1041,60866.51,1371810917,33,16163,45.604,-94.1591
2454076758463217,521,49153.96,1371730196,33,2097,47.0874,-93.9196
2475085306462014,1535,148374.33,1371780286,27,1507,44.2378,-95.2739
2512312531485080,1043,70895.6,1371730882,64,134056,42.5164,-82.9832
2576709887791552,1538,112274.65,1371811855,61,1241364,33.0067,-117.069
2610529083834453,537,54186.16,1371740593,26,22191,36.2416,-86.6117
2657850734909997,1026,68095.41,1371735306,74,673342,42.3749,-83.1087
2703186189652095,2028,177233.44,1371794895,32,3495,36.0788,-81.1781
2706977570537524,1557,151299.07,1371812843,42,341,39.283,-82.3977
2712209726293386,3064,277085.65,1371813091,43,378909,30.4066,-91.1468
2713913904780408,1597,101588.79,1371790006,56,6581,32.3929,-91.4714
2714019737356678,471,33364.35,1371662859,25,724,39.9914,-80.4408
2716017661090253,8,5314.88,1364599546,74,1417793,36.126,-115.1454
2719496466799416,1039,74960.89,1371806083,80,8007,44.6723,-103.8396
2720012583106919,2024,193805.47,1371816816,40,1126,43.3526,-102.5411
2720433095629877,3107,164002.26,1371759955,23,3224,44.0575,-69.9656
2720830304681674,1042,98095.73,1371760112,46,151785,36.522,-87.34899999999999
2720894374956739,1039,70590.74,1371800031,93,16305,42.5978,-82.8823
3500165543009955,503,29910.82,1371646168,37,673342,42.3669,-82.9938
3500969075198072,2458,187818.27,1371771706,21,895,47.2271,-117.0819
3501285649323933,9,5523.45,1368402438,57,3733,41.6412,-75.7641
3501365119557234,490,34208.98,1371782564,68,1925,32.274,-104.0914
3501509250702469,2063,117991.67,1371754392,41,276002,26.1184,-81.7361
3501942333500073,2052,101959.27,1371780484,21,1312922,33.8155,-112.1202
3502088871723054,2564,155348.79,1371786267,44,19054,39.0298,-77.0793
3502377050801561,1543,104238.63,1371816092,72,4993,30.5354,-95.4532
3504178999463051,1547,92772.01,1371763005,28,86954,40.7641,-84.0973
3506040590383211,1019,103339.96,1371815482,31,286,45.1939,-112.0568
3506042666828517,1539,100024.71,1371675130,61,630,38.1372,-81.5962
3506592072985012,1547,81234.47,1371795678,19,92608,38.577,-90.5255
3508104404056005,1039,62763.73,1371792604,29,9679,42.8035,-88.4092
3511058278399773,520,34744.95,1371453990,60,205,39.5803,-87.4616
3511378610369890,2523,157566.0,1371816164,47,190178,34.7789,-86.5438
3512365128314616,2013,110573.07,1371762736,35,35439,38.4305,-90.387
3513285035244624,529,43715.5,1371807452,84,3994,37.7256,-81.1087
3513506355699497,1054,64291.24,1371812185,54,24645,32.4122,-90.1207
3513618443244549,2018,116015.27,1371814048,65,355,43.7588,-97.8712
3514865930894695,2070,135038.51,1371816752,53,899,32.9396,-105.8189
3514897282719543,1496,104524.46,1371783465,68,10717,42.958,-77.3083
3517527805128735,1529,97715.64,1371668210,30,1617,41.1573,-88.0619
3517814635263522,1021,65383.83,1371804247,79,2443,37.5802,-80.5248
3518234918950662,2590,231510.73,1371796611,50,46563,33.6372,-96.6184
3518669219150142,2525,130379.62,1371809574,24,31394,39.1657,-84.23299999999999
3518758680062249,1497,80568.92,1371782629,31,9772,38.5677,-109.5271
3519232971341141,1047,75736.86,1371812120,59,2208,40.4731,-80.9596
3519607465576254,1547,101271.79,1371788070,91,276,40.7268,-124.2174
3520550088202337,989,79783.69,1371809977,19,272,47.8342,-90.0476
3521260686633367,15,9384.03,1350774415,23,2906700,29.9196,-95.4386
3521417320836166,3032,270698.48,1371765137,45,910148,39.849,-86.272
3521815216091574,1510,145758.51,1371808171,42,565,39.7532,-105.6356
3523843138706408,2056,109341.19,1371763602,50,1412,32.6176,-86.9475
3523898249167098,2056,130675.94,1371813020,30,1382480,40.8798,-73.9067
3524485462198080,11,5342.77,1347661645,78,172817,34.1556,-118.2322
3524574586339330,1553,134581.52,1371779615,34,105638,27.633000000000003,-80.4031
3525590521269779,2555,152213.74,1371814526,36,6006,36.0424,-79.3242
3525668150756629,1033,105047.05,1371779389,30,137,46.3481,-87.0436
3526826139003047,2034,129638.95,1371806795,65,1126,44.2529,-85.01700000000001
3527063666782582,501,30576.82,1371774010,55,99,30.9,-94.7547
3527536963490470,2503,137090.74,1371807616,46,1725,32.9413,-81.1807
3528040995648998,11,5007.6,1362872059,57,14267,34.381,-81.109
3528231451607350,1047,66081.09,1371744281,80,526,39.224,-74.9942
3528407217576457,997,87850.89,1371811896,33,87124,36.4715,-82.4834
3529597810116815,1520,85069.66,1371773671,34,1334,40.4679,-77.8967
3529597930342630,1036,56258.21,1371813350,35,824,42.8948,-74.8209
3529788038921264,10,4788.19,1357947788,86,68211,30.0252,-90.2522
3530503964418806,507,33376.17,1371779082,57,171170,34.5715,-118.0231
3531129874770000,2530,232098.45,1371816516,45,5895,43.8065,-73.0882
3531606252458308,519,39143.85,1371806148,56,21437,42.4828,-71.0978
3533012926413100,2101,123069.42,1371811558,26,1684,43.2237,-75.1612
3533177016567295,1038,64238.11,1371762787,69,1517,40.8731,-96.1528
3533742182628021,2587,121544.14,1371765654,23,20478,32.8357,-79.8217
3533800906065217,1512,101834.08,1371814512,80,493,40.2967,-98.737
3534093764340240,493,35878.9,1371606522,53,1939,46.2306,-112.1138
3534330126107879,2080,196094.17,1371815756,42,1446,45.2857,-108.9082
3534718226968689,1022,67864.68,1371734388,36,2263,37.3712,-89.1349
3535211949888417,8,6867.84,1363216670,52,64438,40.0563,-86.0163
3535808924394848,1528,140027.33,1371752248,40,1532,39.39,-88.9597
3536818734263520,509,30243.03,1371805379,39,222785,41.603,-93.633
3536918668124647,519,37982.31,1371780684,65,973849,37.3304,-121.7913
3537797820923602,524,37009.36,1371807154,51,584,47.4852,-120.4158
3538520143479972,1542,88514.24,1371802637,55,269,41.5686,-83.3632
3540017235499519,520,49012.3,1371675013,37,1780,43.0976,-70.7121
3540075240003197,2028,104208.09,1371746420,33,5211,44.4477,-93.4252
3540210836308425,1555,147045.97,1371814554,28,53,34.7437,-102.5064
3540862542587229,525,34303.02,1371788010,79,369,44.7957,-110.6137
3541160328600277,2456,177365.62,1371812082,17,1512,39.5723,-90.2379
3541554378551366,544,45399.95,1371793554,81,136895,37.0462,-76.4096
3541687240161491,492,31284.53,1371792758,57,298,31.1989,-81.3322
3542162746848552,521,34991.04,1371672108,52,744,43.5089,-93.4824
3542826960473004,10,4976.26,1358981777,60,6063,43.1636,-89.0753
3543299015720986,1009,93858.7,1371781634,43,9521,36.8809,-82.0956
3543591270174051,2540,149866.54,1371791414,48,922,40.4603,-79.0097
3543885983111461,11,8564.29,1330298838,82,67100,40.9086,-73.8221
3544606805704278,533,41256.8,1371798808,68,254,38.4857,-89.6816
3545109339866548,3113,150914.97,1371806562,21,2870,33.4783,-90.5142
3545578418030657,7,3595.25,1327880544,57,2906700,29.7396,-95.446
3546436741611231,12,5098.57,1356391760,67,4984,39.9623,-81.5485
3546674063249004,1034,65084.62,1371805755,36,13602,32.7004,-97.6039
3546897637165774,2019,132048.92,1371816383,64,263,31.6591,-96.8094
3547336099599450,11,6462.6,1331682069,57,19880,41.5097,-73.9634
3547560454237873,1546,98145.21,1371790030,54,680,44.5232,-86.2061
3547574373318979,1559,98738.37,1371805014,58,2092,39.0319,-88.4074
3548710338694745,12,8350.56,1334533099,54,47119,32.425,-97.7742
3549202406645667,1527,105524.95,1371800293,87,18760,43.5835,-70.3457
3550554389581384,527,50040.01,1371769053,37,2060,29.8575,-82.1483
3551217896304745,3055,254989.34,1371811731,44,6120,44.232,-74.4905
3551512895305309,490,26266.93,1371725030,73,443,37.2048,-86.8592
3552581383553463,1553,105418.35,1371801273,55,5354,35.1959,-83.8228
3553629419254918,3088,168068.03,1371795202,36,85,48.34,-122.3456
3554421171166228,8,1348.53,1354749951,73,12866,38.7859,-94.244
3554818239968984,524,53291.88,1371746037,50,710,38.8874,-91.7689
3554849923339851,1030,76606.0,1371794208,72,55345,36.1043,-97.0609
3556613125071656,2556,133290.41,1371814639,21,28739,29.0393,-95.4401
3557442674264531,483,39034.92,1371757727,16,460,39.8013,-82.8125
3558652751678952,1525,105603.11,1371815233,89,2807,32.6205,-94.2
3558881852140592,1052,68894.66,1371784552,63,759,35.2563,-111.95
3559160581764413,2049,199987.45,1371813815,46,1453,42.2701,-78.6847
3559679414981506,1528,129606.83,1371728521,29,8830,43.7893,-75.4156
3559723917628303,1020,100714.34,1371813094,35,928,42.4048,-88.3054
3560246577314524,519,34216.94,1371777055,90,409656,37.6223,-97.3136
3560318482131952,2087,126554.37,1371808115,65,1312,34.4793,-87.4769
3560336828629935,524,27785.86,1371771850,67,590,42.0789,-92.3763
3560697798177746,1555,101709.45,1371799889,65,4677,33.7163,-116.3381
3560725013359375,2049,128767.34,1371785180,51,23,31.8599,-102.7413
3560797065840735,3056,170000.95,1371767528,31,77,46.1838,-101.2589
3561212938177173,530,43472.38,1371779709,43,8269,32.8224,-85.7704
3561963695236764,1550,146123.59,1371815208,36,1858,41.06399999999999,-72.3366
3562264947797243,525,41043.7,1371723370,53,301,37.6047,-85.4251
3562679455732797,1040,66859.39,1371789638,58,3862,39.0026,-76.1424
3562793934111141,13,9097.310000000001,1370735393,23,777,38.9456,-75.9777
3563837241599446,1014,56340.33,1371771088,43,28278,45.3099,-122.9685
3564182536169293,1003,59993.09,1371752348,58,1443,39.9934,-81.8024
3564839259330465,2013,119780.02,1371776485,61,198,38.046,-122.1866
3565196229855512,1027,80998.59,1371798357,70,3805,40.4815,-92.9951
3565414434959494,532,36121.2,1371807559,53,137,39.4336,-87.4101
3565423334076143,1042,66555.1,1371793158,82,4081,38.9763,-87.3667
3565943051129759,494,35608.12,1371775684,57,9165,42.4657,-93.8262
3565996340207976,538,35841.84,1371719787,47,749635,31.8092,-106.4247
3566094707272327,3034,272468.9,1371810012,49,34882,34.3795,-118.523
3566373869538620,502,33443.91,1371806829,56,923,35.4311,-105.9409
3566875419572867,1022,106948.32,1371784036,29,1654,44.64,-73.3113
3567527758368741,1018,75713.26,1371769186,58,1143,31.8351,-101.0017
3567697931646329,2521,125374.08,1371813809,22,17867,42.247,-73.7552
3567879740649740,2068,127371.96,1371804280,62,1271,44.0577,-76.0196
3568255211412877,2034,115840.27,1371786170,26,5341,41.2249,-85.0301
3568736585751727,1505,146957.65,1371810278,46,1195,41.8114,-93.4855
3572976568630035,530,37792.94,1371799400,53,614,41.1832,-96.9882
3573030041201292,2089,127636.62,1371793305,30,302,40.3207,-110.436
3573386445588324,1024,60812.64,1371810440,51,63,45.7205,-98.5534
3575540972310993,1542,91702.69,1371746589,19,4198,34.3396,-89.5736
3575789281659026,3087,177763.42,1371790000,31,2368,38.7897,-93.8702
3576021480694169,2527,127102.97,1371772151,16,163415,39.1329,-95.7023
3576144910346950,540,36441.87,1371814561,55,277,65.6899,-156.292
3576207763781753,9,5362.9,1368056197,80,41111,43.0668,-88.1469
3576281490078437,516,48451.08,1371791880,30,1735,38.7735,-86.6285
3576431665303017,3023,256768.11,1371791918,39,1312922,33.5623,-112.0559
3576511691045060,518,29348.44,1371736859,28,1352,33.1044,-81.0221
3577578023716568,2025,187828.36,1371813154,37,2644,41.0935,-81.0425
3577596616955856,519,33648.58,1371736263,91,14075,36.2245,-79.8901
3577663406369449,507,34158.34,1371764587,52,2470,35.6069,-90.3359
3577794103155425,998,55381.0,1371811687,26,733,47.7068,-97.2092
3579200383632826,519,46174.77,1371772842,45,1690,44.9437,-91.0294
3581130339108561,511,39798.32,1371671089,56,272134,41.0695,-81.5488
3582402971899057,506,29366.85,1371812849,63,4161,47.9657,-116.868
3582754887089201,2046,133412.37,1371796220,54,1383,34.4596,-93.6743
3583093681934489,521,43387.62,1371627458,59,736284,38.1901,-85.7519
3583293909206278,1011,55138.7,1371798924,42,310,35.0203,-106.5503
3583635130604947,3026,278042.99,1371804459,35,1526206,40.0369,-75.0664
3583793405872580,2026,112757.89,1371815572,50,551,34.847,-98.9836
3585052663373890,1021,82117.88,1371797044,57,176,42.8546,-75.6605
3585740823295298,1552,92856.2,1371815985,22,3202,34.2956,-99.7494
3586008444788268,2602,238545.08,1371808860,36,50489,47.4974,-122.0107
3586955669388457,1023,101158.51,1371816488,26,1770,40.3673,-79.1605
3587044315915002,1542,148142.75,1371802006,46,1804,35.0659,-89.1534
3587960728692500,1979,143866.0,1371812612,23,1075,42.3327,-95.6045
3589255887819806,2519,163202.61,1371814474,36,3766,39.6991,-78.1762
3589289942931264,2553,157789.09,1371797919,48,343,43.7557,-97.5936
3590736522064285,3081,273162.27,1371809462,45,4074,34.5091,-92.4828
3590946339258737,9,6271.37,1366415965,23,372,37.3668,-96.4396
3591919803438423,1526,88351.49,1371745050,33,54767,28.5697,-80.8191
3592325941359225,505,36251.340000000004,1371709725,85,31970,37.2876,-77.295
3592931352252641,1007,82578.61,1371790913,85,2916,44.8696,-92.8234
3593118134380341,2080,123890.17,1371812705,61,1131,44.4971,-67.9503
3593399694467427,522,34512.39,1371776889,56,275,43.2363,-78.3138
3595111028444131,511,32249.83,1371808051,63,1120,36.0434,-90.2907
3595192916105588,2525,151125.8,1371776447,27,238602,35.0583,-79.008
3596217206093829,3051,183914.73,1371778897,32,888,40.8626,-91.9534
3596357274378601,2070,115412.23,1371791485,47,3688,41.0001,-78.2357
3597337756918966,1027,66615.58,1371785539,68,7565,39.7813,-76.7477
3597926034019603,1049,63416.409999999996,1371813713,27,9496,35.2229,-89.5518
3597980945245815,520,33773.59,1371807050,63,11253,34.0442,-94.3386
3598014571045296,1001,104608.91,1371796100,27,5903,35.558,-77.2566
3598215285024754,2577,230738.38,1371801927,50,34496,40.6729,-73.5365
3598304579370089,2039,122670.89,1371801462,35,409656,37.6395,-97.1714
3598634130286287,517,39469.62,1371770990,25,518429,41.2064,-95.9953
3598895972308782,504,36616.72,1371788287,50,23805,41.2403,-82.6078
3599237318576484,1058,61689.8,1371711422,88,341,36.8421,-85.5396
4003771737807706,1013,69602.28,1371786403,62,37,35.1791,-91.2594
4003989662068504,2553,177737.56,1371777798,31,71463,33.3224,-86.9657
4005676619255478,2540,142452.97,1371787186,26,71335,30.459,-90.9027
4010002218955876,1588,149246.41,1371805776,37,2906700,29.7972,-95.3288
4025612008285111,1514,91934.36,1371814314,71,1274,41.1762,-79.1976
4048508450704760,1554,90214.94,1371813919,47,1749,41.36600000000001,-98.0054
4060579726528237,1543,106249.57,1371809573,72,2661,39.2136,-95.4404
4067137330196900,1539,94741.49,1371802736,34,1186,33.9315,-87.6194
4069975342931683,2047,179963.32,1371761534,40,21902,38.4257,-81.9943
4070511711385545,985,73360.58,1371795245,53,2435,28.9814,-98.0156
4099707841315751,2619,175029.62,1371777808,45,9815,38.2586,-78.4074
4104312520615374,1014,58222.95,1371773994,32,1661,33.6401,-116.5567
4116554952971686,513,40000.86,1371718236,86,181438,27.2625,-80.3793
4119762878330989,1519,90077.56999999999,1371812556,75,6713,40.7152,-89.2706
4124536010991657,527,41810.7,1371784233,66,27829,30.5012,-87.8835
4128027264554082,1534,97951.02,1371792744,67,1831,39.8788,-82.18799999999999
4129767952109660,1031,56911.06,1371790807,48,771,47.3551,-96.798
4134456652433447,519,37908.9,1371572982,59,38912,40.6645,-73.7559
4147608975828480,2074,133741.76,1371809818,76,914,44.1111,-94.9134
4149238353975790,2074,199199.35,1371774493,31,632,40.1008,-80.0652
4155021259183870,2030,109728.53,1371800480,37,540,34.7032,-98.9591
4157213332670159,8,4831.61,1330034803,53,3764,42.8813,-83.8855
4158758517677931,516,35819.57,1371762261,25,899,43.5335,-96.3645
4158945090781624,2058,114164.82,1371816429,47,687276,40.4308,-79.9205
4168696938629925,15,10404.970000000001,1345938223,21,19803,40.7946,-73.403
4169759661243568,2069,119384.81,1371806235,48,213,40.2236,-76.538
4170689372027579,2561,158570.9,1371810782,27,116001,35.6665,-97.4798
4171397999167005,510,37053.81,1371633572,86,5648,35.0296,-82.5136
4173950183554608,2035,132190.09,1371778494,42,3279,40.333,-73.9809
4178097073221156,1538,135962.28,1371797224,39,3104,41.9488,-86.4913
4179719215697782,514,33607.73,1371803305,38,1574,43.0032,-93.2167
4191109180926792,1528,126333.89,1371588337,28,4512,39.6251,-82.7552
4195832462863385,528,32568.73,1371684478,91,1146,39.3465,-90.9362
4204237326785494,13,6751.8099999999995,1329177327,23,12626,37.8979,-88.9307
4225628813173670,7,3830.65,1365375387,56,4046,34.0066,-89.3484
4228411452607671,537,28704.06,1371759544,25,6025,44.3229,-69.9576
4229733778084049,1557,88521.18,1371758339,30,48194,37.6848,-85.8784
4239552724014407,1551,115361.47,1371814721,84,6284,41.141000000000005,-84.5722
4254074738931278,1023,72586.18,1371784609,64,239,42.0737,-78.0594
4260059589824237,508,38418.91,1371781354,75,4005,42.8062,-100.6215
4265776278887457,2032,132522.65,1371798713,66,969,35.2087,-92.2123
4266200684857219,1026,73643.43000000001,1371766944,64,732,40.201,-98.0684
4277232699798846,1491,89697.62,1371794872,65,475,46.1664,-103.7079
4294040533480516,1558,89198.7,1371796998,34,2206,33.413000000000004,-81.69
4302475216404898,1541,105606.76,1371812306,56,3032,42.8511,-93.62
4302480582202074,2559,146741.58,1371816467,25,128715,43.2326,-86.2492
4306586894261180,1010,73400.12,1371813392,61,4049,40.1186,-87.2602
4308156300921054,504,53053.08,1371753858,39,1536,45.5783,-94.4199
4318414072191879,9,3588.5,1367881134,58,7339,42.7769,-82.5437
4328928491302401,1549,134821.33,1371781819,39,13973,42.9373,-87.9943
4334230547694630,2054,143214.01,1371806291,53,471,43.0172,-111.0292
4335531783520911,501,22403.39,1371816512,22,6703,38.3511,-91.4867
4342532437704183,1539,96364.3,1371778578,26,4354,42.2281,-76.1625
4344955088481397,1525,144130.18,1371805418,44,2054,40.8555,-79.7372
4348786085525522,503,51459.73,1371806297,41,1080,45.203,-88.9983
4364010865167176,3011,142060.63,1371788649,23,276896,39.5483,-119.7957
4365382885912355,1040,105568.67,1371752903,44,1680,48.1439,-92.8561
4377338765909719,2073,121059.43,1371816364,38,4729,36.115,-84.0438
4378993458389626,1525,90395.97,1371767757,21,3807,43.9742,-71.1503
4384910379661778,1523,115461.3,1371801942,71,4508,46.9777,-96.4092
4412720572684931,517,36160.38,1371680681,71,776,37.7681,-75.6664
4423489490781412,1527,86401.14,1371804037,63,1426,41.6858,-90.3706
4424338559877976,2000,133147.97,1371809890,63,118,40.813,-83.4196
4425161475596168,506,36411.49,1371502847,58,103927,31.4647,-100.39
4428154703770710,1047,61387.8,1371775309,77,761,46.5901,-117.1692
4430881574719618,2037,132577.1,1371815591,81,61,39.3199,-106.6596
4433091568498503,513,48947.1,1371790596,84,135332,39.2335,-77.1458
4446368897795790,2068,197223.88,1371803655,34,741,37.9073,-75.5089
4449530933957323,2041,124130.38,1371815841,66,337,38.2427,-122.9145
4450831335606294,2038,139625.31,1371787703,48,1760,34.5906,-95.38
4451438912406400,993,72664.38,1371815931,21,1383,34.4596,-93.6743
4451952084362894,2042,197432.96,1371795452,40,686,34.5444,-102.1069
4452366298769043,2555,142451.15,1371770968,42,1563,32.0758,-96.701
4474324669797121,1527,98406.27,1371805706,93,633,37.7773,-119.0825
4482427013979020,1537,94533.46,1371802283,74,642,38.8265,-82.1364
4488941175228467,1045,98023.1,1371768903,34,11432,28.9254,-81.6801
4492491748959010,509,53862.05,1371635357,34,337,37.3752,-81.6539
4492677353108006,11,5764.55,1330298738,94,4431,42.9582,-77.0473
4501449508569485,518,55861.09,1371786638,30,52,45.32899999999999,-98.0837
4509142395811241,2016,125164.73,1371804997,94,1324,31.6489,-82.1982
4509922033272157,1046,64549.63,1371812686,48,811,43.2893,-97.1904
4514242065619750,2021,180762.9,1371801924,32,35371,41.4247,-105.4781
4518350514020532,1006,51155.92,1371806950,27,14742,27.5517,-81.8074
4550599031376731,1540,109289.95,1371794892,52,92985,40.7559,-82.5123
4555104582813474,505,56960.19,1371773380,38,143,40.954,-76.1747
4561368699336875,1046,56561.51,1371772427,32,167,34.9906,-81.8327
4570636521433188,1025,90164.46,1371811543,32,88735,28.8989,-81.2473
4575255480814133,9,6038.89,1368487986,66,17081,29.8868,-97.6769
4586810168620942,2918,216379.45,1371793887,23,2408,32.5486,-80.307
4587577161160601,2050,123280.53,1371784026,44,1643,44.0943,-69.4828
4599285557366057,972,66229.55,1371676755,23,1689,38.0261,-97.6666
4607072969078276,1519,83122.77,1371768802,35,1493,35.8985,-97.2607
4610050989831291,1535,142051.23,1371797582,31,1102,41.4798,-79.9403
4610064888664703,475,36598.72,1371739707,24,847,43.2229,-75.2899
4629451965224809,1531,80830.38,1371778470,23,10295,30.9416,-83.3574
4633065159406313,550,45066.67,1371684012,25,203571,41.8383,-71.4377
4634955908138648,2047,126459.16,1371792291,47,1745,41.6414,-96.5232
4635330563105903,1021,89649.41,1371811105,37,116155,38.8856,-77.1802
4642255475285942,3040,184672.82,1371801928,33,46,38.9999,-109.615
4651007077623147,1040,64567.24,1371809984,64,759,46.7531,-121.9898
4653879239169997,2564,120945.28,1371785681,21,6841,37.0581,-86.1938
4657269323674365,1028,66347.32,1371776550,72,3699,30.7148,-85.021
4658490815480264,2062,130711.5,1371781217,75,184,39.9636,-79.7853
4669558618943766,10,7323.65,1328917283,51,4299,41.1039,-72.3674
4670613943676271,1027,67254.11,1371779915,73,5726,31.7706,-84.7936
4671727014157745,2046,118007.7,1371796096,65,2304,40.8618,-85.6067
4681601008538160,2564,225624.2,1371814375,43,16183,39.9148,-80.73100000000001
4682744518117239,509,33708.92,1371783181,59,628,38.6547,-92.8929
4683520018489354,1538,110189.51,1371746898,25,93193,33.9143,-118.3493
4698163635895795,514,33923.12,1371686044,31,104,40.3406,-120.2824
4707867759656333,1517,89170.54,1371798756,53,581,36.7558,-83.1838
4708992452821239,2014,113633.02,1371815784,82,376,35.8184,-91.3375
4710792708725663,1014,59201.94,1371789413,34,7692,41.229,-85.3244
4713464490314802,533,50756.25,1371784436,39,295,45.7084,-101.1546
4716561796955522,3074,158245.1,1371810092,48,743,48.2777,-112.8456
4725673654161314,515,35739.74,1371806089,52,743,41.1437,-72.2879
4727244663135968,1560,105218.38,1371807388,91,19090,30.8635,-87.7644
4734310647841293,7,2494.25,1328140471,49,99475,38.3847,-121.9887
4740713119940984,1051,67901.35,1371806320,58,9993,41.1901,-74.0436
4764202053279782,518,32561.28,1371687848,39,2644,41.0935,-81.0425
4767265376804500,552,36101.73,1371736247,59,2158,40.375,-75.2045
4777065439639721,1566,155379.37,1371783913,33,737,40.1334,-75.4536
4789911625179723,502,40377.22,1371788566,32,3285,40.8095,-72.8229
4800395067176717,1543,98531.7,1371768255,92,1063,41.6964,-96.9858
4822367783500458,1008,68523.16,1371816656,29,33804,28.0758,-81.5929
4824023901222438,509,30618.18,1371758462,74,522,31.9907,-96.9837
4826655832045236,2090,133069.28,1371786700,57,1850,41.6983,-70.3001
4836998673805450,3027,275930.63,1371802608,41,6469,46.0062,-86.2555
4839043708100390,1001,72201.37,1371797432,21,1583,41.1826,-92.3097
4839615922685395,2106,131315.6,1371810816,65,76,39.013000000000005,-86.5457
4841313716651064,2051,199435.8,1371794587,31,140,43.7185,-72.4439
4859525594182537,1039,64482.58,1371738732,30,1228,42.0716,-75.0152
4873783502705038,2038,194213.18,1371769688,46,14871,48.4786,-122.3345
4874006077381178,516,33980.38,1371748311,30,533,41.5646,-91.0859
4874017206859125,1572,137744.41,1371762060,38,42817,45.4093,-122.6847
4878364946692291,485,29987.19,1371666534,71,885,42.4483,-95.1726
4879265611163287,521,53958.96,1371690737,30,419,31.0,-82.8555
4893092478075970,10,8339.69,1368230360,50,3661,38.5769,-122.4477
4904681492230012,3095,178563.56,1371816372,30,722,41.8467,-74.1038
4908846471916297,3039,290478.49,1371806839,28,5875,32.2779,-97.2351
4914700582394237,515,32815.96,1371537631,64,4589,40.8496,-80.1381
4917187576956394,990,58879.42,1371811316,76,1165,35.8759,-96.9623
4922710831011201,1009,69209.21,1371692538,79,1472,40.3359,-79.6607
4926376199189801,1565,142540.64,1371777538,43,4726,36.3011,-91.5281
4933461930348832,1020,62358.19,1371806966,44,1022298,44.9673,-93.2828
4935858973307492,1548,146262.88,1371800293,45,1841,32.8088,-83.17399999999999
4939976756738216,3038,258282.59,1371809994,30,18128,26.4215,-99.0025
4951647200979051,2043,122017.83,1371805175,44,324,37.9943,-88.9417
4952583804639909,1002,66986.42,1371803495,63,75903,41.2639,-80.8164
4961003488432306,1026,60659.69,1371794690,54,1606,40.6284,-76.195
4969856774088583,1027,74212.91,1371797126,69,137067,29.9975,-90.2146
4972228199573984,499,31576.46,1371814577,60,861,34.2691,-95.9685
4979422371139333,2050,153552.58,1371803433,85,73,41.4193,-99.3844
4986925034905735,503,36203.1,1371769476,61,13061,37.6858,-83.9862
4996263498048679,1031,61957.73,1371770895,37,1930,41.9404,-124.1587
4997733566924489,2062,191617.84,1371799327,49,753116,44.9913,-92.9487
4998109455173950,2045,181476.8,1371792491,33,545147,38.9621,-94.5959
5104807169438134,1033,91377.44,1371780615,42,3255,40.8295,-72.6473
5127412150261034,516,33769.65,1371710869,29,601723,38.9367,-76.994
5130484058948421,1026,109295.91,1371788114,42,349,40.8314,-83.9758
5144043920225212,10,7068.08,1333580242,18,13021,36.4657,-81.814
5152054598359927,1522,91041.98,1371813147,48,55581,29.8872,-90.0331
5154903938030655,529,50758.74,1371759758,27,5216,37.7827,-80.3129
5289285402893489,511,32295.89,1371762346,34,1530,45.5197,-123.8761
5301645381939419,11,4175.17,1332734121,81,389246,39.7656,-104.7069
5359543825610251,2043,124324.86,1371816133,45,18182,45.7801,-111.1439
5388659976630693,1558,100979.25,1371815139,58,153,43.2064,-90.9405
5410056176712193,490,26607.79,1371679667,31,4306,44.5592,-87.8235
5456712664803820,1024,58259.94,1371756459,59,247,36.1486,-105.6648
5456776410929288,2037,126031.57,1371814565,66,139,41.0472,-79.8089
5501083170975659,1549,100466.21,1371813421,54,47772,41.1464,-81.5107
5540636818935089,2597,181682.84,1371814390,35,76383,42.6911,-71.1605
5559857416065248,1564,115147.81,1371711047,75,589,41.6125,-122.5258
5580563567307107,1050,99940.77,1371803736,30,1946,39.9961,-79.7678
5596347693144598,1518,107024.75,1371811738,79,68211,29.9912,-90.2479
6011099828110011,9,4490.06,1367279909,90,190178,34.7543,-86.6546
6011104316292105,2547,139539.66,1371782652,35,1970,36.9688,-78.5615
6011109736646996,3101,278139.27,1371785795,37,186140,34.2651,-77.867
6011148190095209,1530,140163.86,1371734275,29,107941,37.6787,-122.478
6011149206456997,531,53710.98,1371816739,41,100,39.2667,-77.5101
6011197122270059,515,34778.45,1371800656,34,4680,42.2665,-72.0821
6011231546538393,1047,62659.8,1371785229,27,15269,40.9115,-74.414
6011252220172077,994,71643.54,1371575920,19,1700,42.9782,-96.0173
6011305591981276,1028,67435.53,1371806070,61,190178,34.6205,-86.551
6011329966782895,1549,135569.7,1371796452,49,413574,36.0557,-96.0602
6011348830550197,2566,149622.25,1371760819,40,493806,33.4629,-86.7904
6011360759745864,1044,71655.11,1371803710,73,6018,38.8432,-78.6003
6011366578560244,2060,110733.85,1371767118,23,4653,40.5046,-77.7186
6011367958204270,3110,296436.73,1371813294,32,7646,41.2419,-81.7453
6011381817520024,995,50598.71,1371802797,47,635,41.6423,-104.1974
6011382886333463,999,72526.18,1371728450,78,864,44.6001,-84.2931
6011388901471808,2064,134152.86,1371793000,69,427,40.1151,-79.8627
6011393492413821,521,42477.19,1371479954,61,2383912,34.0443,-118.2509
6011399591920186,2023,106041.46,1371802164,47,2121,42.1001,-73.3611
6011438889172900,3106,284013.5,1371813188,27,5161,34.2853,-91.3336
6011477612335392,534,36324.93,1371759329,77,2274,40.4062,-84.5076
6011492816282597,1551,82347.89,1371765650,34,2501,33.3398,-92.7442
6011504998544485,3083,165741.18,1371796497,49,1089,32.5104,-86.8138
6011518448009279,10,5857.349999999999,1363909792,89,413574,36.1499,-95.7923
6011542681743618,2090,113476.27,1371804535,48,863,38.8089,-78.7776
6011552879910390,1054,107054.96,1371746195,39,49,41.0552,-110.1603
6011581063717667,516,41249.909999999996,1371783932,50,805,40.1959,-92.4333
6011603272871604,1033,70910.23,1371809742,51,4138,33.141,-84.1759
6011626928491360,1031,69117.34,1371805180,60,3876,35.2289,-88.64399999999999
6011652924285713,3045,170856.34,1371807806,32,1847,38.2911,-92.7059
6011679934075347,1527,99945.62,1371731829,46,100,41.0539,-106.0763
6011681934117244,1039,69346.22,1371695450,64,70,36.2835,-87.4581
6011693194885790,2573,138809.79,1371771147,25,2607,45.6675,-93.2433
6011706277606006,528,40156.85,1371787134,68,4603,42.8678,-71.042
6011724471098086,2572,223854.66,1371805978,39,3684,46.1966,-118.9017
6011732631674654,7,5671.95,1331939525,56,3631,41.1165,-85.8686
6011826317034777,9,4630.4400000000005,1335743482,19,18799,38.679,-75.3932
6011860238257910,2087,130640.59,1371808314,68,1078,36.385,-98.0727
6011893664860915,3090,278325.97,1371796375,45,320420,39.5994,-105.0044
6011917798331152,1008,66286.01,1371775211,63,828,43.1699,-72.8515
6011934240159560,1014,101443.56999999999,1371790225,46,824,44.2541,-68.5565
6011935564104173,11,10437.0,1355700542,70,1263321,32.7948,-96.7697
6011948324228984,530,37293.18,1371807751,59,297,34.1992,-89.382
6011975266774121,525,31759.77,1371557012,77,92106,39.0305,-76.5515
6011999606625827,1517,104803.97,1371802009,55,4664,40.9918,-73.98
6500249000784905,9,7192.92,1359676650,54,186140,34.1572,-77.9141
6501313409525696,537,52042.76,1371487427,33,12747,31.4467,-103.5791
6502195877055606,521,54841.77,1371671664,35,277,39.4584,-106.3851
6506116513503136,2102,193561.46,1371794480,36,144160,32.2768,-95.3031
6506982560413523,1056,90024.42,1371803493,35,36438,33.431,-93.8765
6511349151405438,1545,94724.45,1371792494,74,450,39.3426,-114.8859
6515067575568369,521,32056.72,1371590534,30,3085,36.6403,-81.7776
6517217825320610,2083,130736.27,1371815755,62,1196,31.6453,-90.1801
6517779374888867,11,7066.92,1356391464,53,2623,34.8829,-92.5192
6523180720198790,509,35056.43,1371769616,67,9506,40.7382,-73.1297
6524376634971418,1029,72749.28,1371808358,68,5778,34.347,-87.7154
6526448584969862,519,39472.46,1371807251,56,8097,40.2878,-74.0162
6526777409109795,499,39215.53,1371683378,83,47211,40.6868,-73.82300000000001
6526955903501879,542,40193.43,1371811481,70,276002,26.3304,-81.5871
6528911529051375,1055,67399.06,1371727985,55,1478,45.8327,-91.0144
6534628260579800,3112,163214.11,1371816217,22,4542,44.3346,-73.098
6535328428560433,499,33690.23,1371752971,53,1022298,45.0632,-93.3811
6538441737335434,2918,221146.62,1371792769,23,606,41.3851,-80.1752
6538891242532018,3072,269099.47,1371816179,43,7155,36.0244,-90.9288
6539653032686894,554,38819.24,1371772106,54,757530,38.6865,-121.3494
6540981358631302,1034,65449.04,1371790115,53,673342,42.426,-83.15
6544734391390261,1526,83358.48,1371748056,38,23727,41.55,-87.4569
6547670341037171,1531,103350.44,1371787680,75,348,39.8839,-75.4669
6550399784335736,1027,66847.29,1371746692,36,79008,26.9379,-82.2388
6554245334757802,1543,121787.87,1371801646,51,45303,33.615,-117.7114
6564459919350820,518,31084.88,1371771626,62,1306,42.5545,-90.3508
6569097840281287,501,40403.15,1371658698,51,389246,39.6662,-104.835
6573561108825071,1527,100510.8,1371805377,52,413574,36.2395,-95.9596
6577777028615915,7,6121.54,1355009099,20,1888,41.0022,-79.71600000000001
6592074504369261,491,45803.46,1371753212,48,1526206,40.0897,-74.9781
6592243974328236,1012,66377.33,1371758029,26,214703,32.3374,-86.2715
6592861994408652,1509,85420.46,1371798169,37,1166,42.8112,-78.4481
6593250708747804,1556,130820.25,1371798455,43,26551,26.7383,-80.27600000000001
6593939509150446,501,43100.12,1371761672,37,59705,34.1248,-117.9031
6595970453799027,1548,95004.54,1371787450,51,2307,40.6774,-74.4968
6596735789587928,1022,68864.07,1371782549,61,5619,44.9595,-93.8482
6597248210463122,503,29106.9,1371739678,52,912,43.0261,-94.4064
6597888193422452,2064,134637.93,1371788111,56,2317,33.6751,-98.6576
4018105808392773675,1012,67455.97,1371733085,85,1533,40.2367,-74.0067
4040099974063068803,1535,156415.83,1371816474,37,229,48.3396,-102.24
4044436772018844508,517,44727.13,1371804834,50,479994,39.8355,-84.2613
4045036286570100739,1009,74009.05,1371810921,92,3066,39.9458,-75.9703
4063094974360571498,1001,59244.61,1371788468,57,2078,41.71,-111.9817
4089096483689733451,1533,135433.21,1371781127,37,24536,32.3836,-94.8653
4092452671396169678,2049,127339.91,1371793570,75,2290,34.3091,-78.3372
4102003771126577611,1523,98852.12,1371806370,33,95035,32.9276,-97.2489
4110266553600176127,512,30200.97,1371745704,34,1686,33.5567,-90.5451
4128730454058057622,2034,121737.63,1371788121,71,43,31.3833,-95.0619
4162872756672112717,10,6950.25,1345937861,58,3164,33.8714,-81.6559
4180192513916047166,11,5113.92,1332460722,92,7369,36.18,-80.1629
4181833256558613886,2578,153292.77,1371811999,32,606,36.6659,-105.4694
4208110975550360171,1039,103070.55,1371784981,38,782,31.6143,-82.7243
4209696857872688515,525,35513.8,1371686190,49,1943,37.8274,-88.6235
4210078554961359092,1556,99718.87,1371813755,55,1420,43.92100000000001,-122.7806
4220495028289516646,1027,69491.11,1371815393,54,233717,33.8419,-117.6043
4223708906367574214,2082,203267.53,1371806494,46,177,39.0965,-84.6431
4225990116481262579,1032,64381.29,1371804646,54,4878,20.0827,-155.488
4226219726886852999,508,42110.65,1371659259,35,12349,38.9424,-84.09200000000001
4243521033756702612,9,4944.02,1335915952,63,10127,41.2123,-79.3773
4244953610136705533,516,48605.65,1371814042,29,825,39.485,-74.8776
4255397449664185994,1033,77174.36,1371813869,68,1263321,32.69,-96.9177
4257110907449569602,10,4693.06,1327534965,19,149,43.9886,-88.7712
4292743669224718067,1565,88388.26,1371814793,47,5927,38.2674,-76.4954
4292902571056973207,1512,104220.94,1371816817,25,218,45.8433,-113.8748
4301028321766222513,2054,204042.4,1371814488,42,198,40.6025,-80.3863
4311368326621416041,1041,64490.73,1371785997,51,648,40.7692,-103.0968
4312133045694601139,1039,72286.06999999999,1371802902,43,33917,39.3764,-76.729
4319584480204988982,2032,126792.35,1371798361,60,502,37.1788,-82.695
4355790796238264643,1506,103198.39,1371807178,51,1656,39.8153,-91.2627
4358137750029944984,1055,64295.17,1371802983,48,53,42.7012,-92.0762
4373370572092720777,493,27836.329999999998,1371808867,48,454,48.0204,-98.1186
4379260813815979609,1566,94982.03,1371776970,46,381459,37.7878,-122.1884
4390966588600992777,1031,72839.35,1371795692,54,640470,35.6174,-97.5583
4400011257587661852,2030,123540.59,1371816696,40,509,41.4972,-98.7858
4410582919485061752,1013,62974.69,1371796486,51,9034,32.3697,-81.3618
4426075337087318654,501,31347.49,1371644870,45,163415,39.0645,-95.6413
4428780983793657331,998,65133.0,1371786804,74,95015,42.9993,-88.2196
4457136361520330110,8,2444.53,1365465408,88,5505,34.6209,-120.1922
4457732997086323466,2049,197280.23,1371797043,33,832,38.5234,-120.6763
4462038234743679432,485,29663.27,1371796674,75,579,31.924,-105.2099
4467456915153312231,1026,65695.78,1371802351,54,717255,28.06,-82.4079
4469777115158234880,2058,110269.24,1371783727,40,47249,42.728,-71.181
4477156602511939689,1045,92577.19,1371799699,28,42384,40.3928,-111.7941
4481172224716138389,8,4715.7300000000005,1342134538,58,2801,34.8511,-80.0025
4488258847705225890,1557,110211.85,1371805641,91,52126,33.9568,-81.1405
4497451418073897078,1016,89137.3,1371763862,28,54185,32.5317,-92.176
4497913965512794052,1036,70452.96,1371795447,65,14783,34.6902,-79.1834
4502539526809429801,1513,116509.3,1371811707,94,2856,36.2201,-91.6421
4503101193493052864,1546,143985.85,1371815331,41,237282,27.9865,-82.0139
4512828414983801773,3123,172868.53,1371814422,37,328,39.8936,-79.7856
4536996888716062123,2611,150015.91,1371745843,48,18408,35.9866,-106.0654
4560004149983868183,1547,141472.22,1371799405,28,525713,38.8881,-104.6556
4560395181594436016,1996,169340.86000000002,1371769042,48,11256,39.047,-122.9328
4584931703207308232,1551,140139.33,1371798024,45,1263321,32.8463,-96.6972
4587657402165341815,2915,209256.44,1371816562,16,2135,41.0646,-87.5917
4599735407877245080,1008,66855.58,1371811694,56,5577,36.3846,-89.4649
4646845581490336108,2582,237516.52,1371800461,30,4056,40.732,-73.1
4653178848915023204,1007,57935.15,1371810723,33,5657,36.7779,-81.7676
4659625317833446364,12,8131.43,1331854270,55,10085,39.6591,-87.4208
4661996144291811856,1026,58850.06,1371776073,57,2054,40.8555,-79.7372
4666314527820883145,520,54451.96,1371797699,46,2202,41.0233,-98.9041
4689147265057948423,1535,101105.95,1371804111,53,206,40.9207,-96.168
4710826438164847414,1533,92519.62,1371816147,56,192,48.8328,-108.3961
4714017207228610634,7,4900.65,1329176353,75,198659,35.0271,-85.2356
4715741951931168360,1587,102541.1,1371812458,79,471,36.6966,-96.7869
4725837176265195730,501,41474.15,1371758987,26,5719,30.8985,-87.1332
4736845434667908128,2035,131795.24,1371759261,67,2148,44.8816,-73.6408
4742883543039288059,1527,86603.74,1371806923,29,1490,20.0271,-155.3697
4756039869079882102,536,31983.1,1371802705,66,26120,33.6547,-97.1583
4761403817546679245,1553,83004.06,1371799086,34,1679,36.3924,-91.9932
4769426683924058915,2027,126366.77,1371794074,66,1909,40.5553,-77.4001
4792627764422477317,3082,260008.37,1371797156,42,5760,38.9462,-94.9714
4797297220948468262,2541,124572.35,1371771534,29,1228,38.8938,-86.5246
4798937978667559470,510,36883.8,1371732133,25,67858,43.6088,-83.95299999999999
4810789809665942990,1544,89016.68,1371812489,32,338,39.5756,-83.7153
4810839835482794272,2042,137597.22,1371796051,35,760,36.7651,-94.0492
4855488158131690372,2045,198115.34,1371794332,27,970,44.1554,-72.4847
4855853415727304322,511,38589.07,1371789993,66,3223,44.8232,-89.1665
4861310130652566408,2524,224708.15,1371750665,43,10076,30.2385,-90.8435
4890424426862856940,1496,92979.83,1371785594,41,757530,38.5662,-121.3286
4897067971111209737,1038,69330.82,1371720887,45,42619,28.3011,-82.6927
4906628655840914250,2584,145889.36,1371794844,33,32891,24.6557,-81.3824
4911818930706644725,9,4817.48,1331851963,79,478404,33.4317,-111.8469
4956828990005111019,2566,159818.53,1371800391,40,124967,40.6747,-74.2239
4958589671582726883,1476,97973.69,1371814601,70,43102,38.7894,-77.2818
4973530368125489546,1040,81508.22,1371812325,55,2786,35.8312,-94.1187
4980323467523543940,532,39600.18,1371687623,73,1966,44.0978,-72.0191
4989847570577635369,1007,88195.62,1371783807,26,8333,34.1832,-81.5324
4992346398065154184,2059,139690.45,1371808738,64,532,41.173,-89.2187
