cc_num,merchant,category,amt,gender,city,state,zip,lat,long,city_pop,job,unix_time,merch_lat,merch_long,is_fraud,merch_zipcode,age,hour,day,month,weekday,tx_count_card,distance_km,night_tx,weekend,avg_amt_card,amt_ratio,card_avg_amt_before,amt_ratio_before,secs_since_last_tx,pred,score
4010002218955876,fraud_Wuckert-Goldner,home,230.35,F,Houston,TX,77026,29.7972,-95.3288,2906700,Animator,1365338960,29.716594,-94.353796,1,77665.0,37,12,7,4,1,1588,94.54524361707716,0,0,93.9838853904282,2.450952086552701,94.17085168869309,2.4460859795712953,25864.0,0,0.02368361
180018375329178,"fraud_Schoen, Nienow and Bauch",personal_care,19.22,F,Munith,MI,49259,42.3703,-84.2485,2523,Geophysicist/field seismologist,1365349296,43.317377,-83.742836,1,48734.0,32,15,7,4,1,1521,113.09155812267494,0,0,85.13242603550296,0.2257659142943329,85.99496884735203,0.22350144732440153,43130.0,0,0.66641974
180018375329178,fraud_Bode-Schuster,kids_pets,18.67,F,Munith,MI,49259,42.3703,-84.2485,2523,Geophysicist/field seismologist,1365360656,42.799178000000005,-83.442363,1,48348.0,32,18,7,4,1,1521,81.42461289192494,0,0,85.13242603550296,0.2193053912526116,85.94300389105058,0.21723699608717245,11360.0,0,0.07815239
180018375329178,fraud_Cartwright PLC,kids_pets,21.48,F,Munith,MI,49259,42.3703,-84.2485,2523,Geophysicist/field seismologist,1365372788,42.187258,-84.738249,1,49224.0,32,22,7,4,1,1521,45.14092711829743,1,0,85.13242603550296,0.2523127907930422,85.89069206842925,0.2500853059012128,12132.0,0,0.53633815
4010002218955876,"fraud_Romaguera, Wehner and Tromp",kids_pets,18.89,F,Houston,TX,77026,29.7972,-95.3288,2906700,Animator,1365376214,29.618151,-96.071297,1,77485.0,37,23,7,4,1,1588,74.42268152770004,1,0,93.9838853904282,0.2009919032558304,94.27076302274395,0.20038025994806644,37254.0,0,0.32924482
4010002218955876,"fraud_Klocko, Runolfsdottir and Breitenberg",health_fitness,18.66,F,Houston,TX,77026,29.7972,-95.3288,2906700,Animator,1365377067,30.05152,-94.946724,1,77535.0,37,23,7,4,1,1588,46.4272479975937,1,0,93.9838853904282,0.1985446752119531,94.21549853372434,0.19805658612866833,853.0,0,0.67741084
4457136361520330110,fraud_Weber and Sons,food_dining,140.03,F,Buellton,CA,93427,34.6209,-120.1922,5505,Nature conservation officer,1365442308,35.063297,-120.437297,1,93444.0,88,17,8,4,2,8,54.03882205700082,0,0,305.56625,0.4582639607613733,395.53800000000007,0.35402413927359694,64866.0,0,0.07540775
4010002218955876,fraud_Thompson-Gleason,health_fitness,19.55,F,Houston,TX,77026,29.7972,-95.3288,2906700,Animator,1365459815,28.831441,-96.29936,1,77465.0,37,22,8,4,2,1588,142.78215700545417,1,0,93.9838853904282,0.2080143837295651,95.80275912408759,0.2040651039567457,60227.0,0,0.36929572
36722699017270,fraud_Wisozk and Sons,misc_pos,8.16,F,Superior,AZ,85173,33.2887,-111.0985,2872,Petroleum engineer,1365477833,34.209232,-110.192174,1,85901.0,33,3,9,4,3,3119,132.28211589758,1,0,89.77494389227316,0.0908939582272724,87.76533159463487,0.09297520845348033,14918.0,0,0.23213722
36722699017270,fraud_Bahringer Group,health_fitness,23.05,F,Superior,AZ,85173,33.2887,-111.0985,2872,Petroleum engineer,1365536993,32.502321,-110.566641,1,85631.0,33,19,9,4,3,3119,100.55735052986452,0,0,89.77494389227316,0.2567531540611065,88.4616933382955,0.2605647611995411,57680.0,0,0.16263841
36722699017270,"fraud_Schiller, Blanda and Johnson",home,238.7,F,Superior,AZ,85173,33.2887,-111.0985,2872,Petroleum engineer,1365545347,33.470931,-111.704597,1,85205.0,33,22,9,4,3,3119,59.8142531865854,1,0,89.77494389227316,2.658871057457098,88.43735863095237,2.6990855866251175,8354.0,0,0.67558116
36722699017270,"fraud_Hahn, Douglas and Schowalter",travel,10.76,F,Superior,AZ,85173,33.2887,-111.0985,2872,Petroleum engineer,1365550262,34.16522,-110.415295,1,-1.0,33,23,9,4,3,3119,116.1516958541098,1,0,89.77494389227316,0.1198552684467464,88.4932391223503,0.12159120975471673,4915.0,0,0.7931953
4045036286570100739,fraud_Bednar PLC,kids_pets,20.43,F,Atglen,PA,19310,39.9458,-75.9703,3066,Product manager,1365633978,40.693711,-76.62276800000001,1,17836.0,92,22,10,4,4,1009,99.87979755749464,1,0,73.34890981169475,0.2785317471309251,71.42754587155963,0.28602410667639405,87857.0,0,0.34886566
3504178999463051,fraud_Flatley Group,misc_pos,10.31,M,Lima,OH,45801,40.7641,-84.0973,86954,"Copywriter, advertising",1365808241,40.44645,-83.694199,1,43347.0,28,23,12,4,6,1547,49.04696920906272,1,1,59.96897866839043,0.1719222209371124,59.03372005988024,0.17464594793521668,782.0,0,0.22971174
3504178999463051,fraud_Medhurst PLC,shopping_net,1056.24,M,Lima,OH,45801,40.7641,-84.0973,86954,"Copywriter, advertising",1365856094,40.500794,-83.470111,1,43340.0,28,12,13,4,0,1547,60.48435593209524,0,0,59.96897866839043,17.613106366888033,59.69361940298507,17.69435344286028,14394.0,0,0.5537227
4400011257587661852,"fraud_Witting, Beer and Ernser",home,201.97,F,North Loup,NE,68859,41.4972,-98.7858,509,"Nurse, children's",1365983894,41.196401,-99.532453,1,68814.0,40,23,14,4,1,2030,70.73523466573658,1,0,60.85743349753695,3.3187400189686644,59.47076664801343,3.396122353616012,884.0,0,0.71441376
4810789809665942990,fraud_Kozey-Kuhlman,personal_care,20.21,F,Bowersville,OH,45307,39.5756,-83.7153,338,Quantity surveyor,1366068091,38.603083000000005,-84.556106,1,41097.0,32,23,15,4,2,1544,130.22851619901638,1,0,57.65329015544041,0.3505437407910517,51.409243323442126,0.3931199662451447,670.0,0,0.66016096
30263540414123,"fraud_Monahan, Hermann and Johns",travel,5.87,M,Hatch,UT,84735,37.7175,-112.4777,258,Geoscientist,1366237144,38.290421,-112.651049,1,84713.0,59,22,17,4,4,1513,65.49143403665109,1,0,63.182273628552544,0.0929058051077684,61.67960931630353,0.09516921499774167,1008.0,0,0.10761195
3590946339258737,fraud_Kutch-Hegmann,grocery_net,6.48,M,Grenola,KS,67346,37.3668,-96.4396,372,"Copywriter, advertising",1366277145,36.476905,-96.921816,1,-1.0,23,9,18,4,5,9,107.83746380986216,0,1,696.8188888888889,0.0092994034796224,296.375,0.021864192323913963,31993.0,0,0.035820097
6011724471098086,fraud_Beer-Jast,kids_pets,19.32,F,Burbank,WA,99323,46.1966,-118.9017,3684,Musician,1366723648,47.060508,-119.736173,1,98848.0,39,13,23,4,3,2572,115.27312764164672,0,0,87.03524883359253,0.2219790287144346,86.88674347826085,0.22235843152337598,37611.0,0,0.19978562
6535328428560433,fraud_Watsica LLC,personal_care,20.04,F,Minneapolis,MN,55428,45.0632,-93.3811,1022298,Analytical chemist,1366761588,44.990191,-92.697851,1,54016.0,53,23,23,4,3,499,54.30661584361994,1,0,67.51549098196394,0.2968207697008895,66.8958690744921,0.2995700672889741,3078.0,0,0.69030654
6011724471098086,fraud_Jast and Sons,food_dining,112.9,F,Burbank,WA,99323,46.1966,-118.9017,3684,Musician,1366769311,45.56994,-118.79058,1,-1.0,39,2,24,4,4,2572,70.21024223269649,1,0,87.03524883359253,1.297175587052778,86.85737940026077,1.2998319864076058,45663.0,0,0.6530518
6535328428560433,fraud_Bauch-Blanda,entertainment,374.3,F,Minneapolis,MN,55428,45.0632,-93.3811,1022298,Analytical chemist,1366815275,45.273557,-94.187151,1,55382.0,53,14,24,4,4,499,67.38042606386743,0,0,67.51549098196394,5.54391287919376,67.265797752809,5.564492097090596,47722.0,0,0.79668677
6011724471098086,fraud_Hirthe-Beier,health_fitness,19.89,F,Burbank,WA,99323,46.1966,-118.9017,3684,Musician,1366826685,45.367824,-118.164693,1,97850.0,39,18,24,4,4,2572,108.43777979266868,0,0,87.03524883359253,0.228528099437376,86.86869244135534,0.22896626438147036,57374.0,0,0.42959443
6011724471098086,fraud_Jakubowski Group,food_dining,127.44,F,Burbank,WA,99323,46.1966,-118.9017,3684,Musician,1366841427,46.14127,-118.628679,1,99360.0,39,22,24,4,4,2572,21.906038361496712,1,0,87.03524883359253,1.4642343384765812,86.83960920538428,1.4675330896364558,14742.0,0,0.22578198
6011724471098086,fraud_Friesen Ltd,health_fitness,22.1,F,Burbank,WA,99323,46.1966,-118.9017,3684,Musician,1366841547,45.538563,-119.686218,1,97839.0,39,22,24,4,4,2572,95.09687017298326,1,0,87.03524883359253,0.2539201104859733,86.85723090277777,0.2544405315515674,120.0,0,0.7755691
6535328428560433,fraud_Boyer PLC,misc_pos,8.0,F,Minneapolis,MN,55428,45.0632,-93.3811,1022298,Analytical chemist,1366845785,44.134322,-93.505543,1,56093.0,53,23,24,4,4,499,103.75536210812992,1,0,67.51549098196394,0.118491325229896,69.62691275167785,0.11489810022931425,4133.0,0,0.7964875
3529597810116815,fraud_Treutel-King,travel,9.09,F,Mill Creek,PA,17060,40.4679,-77.8967,1334,Archaeologist,1367173266,40.770262,-77.059579,1,17842.0,34,18,28,4,1,1520,78.24646720872353,0,0,55.96688157894737,0.1624174823315386,55.82003644314869,0.16284475215737163,45492.0,0,0.02828395
3529597810116815,fraud_Ziemann-Waters,health_fitness,22.83,F,Mill Creek,PA,17060,40.4679,-77.8967,1334,Archaeologist,1367189618,40.35225,-77.564448,1,17006.0,34,22,28,4,1,1520,30.930596290800416,1,0,55.96688157894737,0.407919815360729,56.081055312954874,0.4070893436758528,503.0,0,0.62651896
580954173374,"fraud_Lehner, Reichert and Mills",misc_pos,8.52,F,Montrose,NY,10548,41.2496,-73.9446,3487,Race relations officer,1367538359,41.609185,-74.155152,1,12589.0,60,23,2,5,5,1034,43.66758565753415,1,1,63.15340425531915,0.1349095919763089,63.47292864749734,0.13423045354211702,44009.0,0,0.20809641
675945690716,fraud_Smitham-Boehm,grocery_net,12.19,F,Beaver Falls,PA,15010,40.7687,-80.3592,28425,Podiatrist,1367543828,41.202454,-80.00954499999999,1,16038.0,20,1,3,5,6,1570,56.45907412997601,1,1,60.9238025477707,0.2000860007128043,53.495852112676054,0.22786813404382675,2679.0,0,0.5225646
675945690716,fraud_Roob LLC,grocery_net,10.33,F,Beaver Falls,PA,15010,40.7687,-80.3592,28425,Podiatrist,1367552566,40.230111,-80.11053199999999,1,15330.0,20,3,3,5,6,1570,63.47198797521942,1,1,60.9238025477707,0.169556061309538,53.82789177793394,0.19190794323909693,1949.0,0,0.7853141
340214844585279,fraud_Rolfson-Kunde,personal_care,20.79,F,Wartburg,TN,37887,36.1016,-84.5652,7511,Further education lecturer,1367609788,36.318596,-83.983923,1,37766.0,77,19,3,5,6,11,57.46244026901487,0,1,524.2736363636363,0.0396548644791668,542.9255555555555,0.038292542664944855,62363.0,0,0.4508333
3560697798177746,fraud_Marvin-Lind,personal_care,18.24,M,Indian Wells,CA,92210,33.7163,-116.3381,4677,Learning mentor,1367625213,34.204609000000005,-116.50039,1,92284.0,65,23,3,5,6,1555,56.32267168780678,1,1,65.40800643086817,0.2788649432279891,64.7385,0.28174888204082577,850.0,0,0.7307835
4469777115158234880,fraud_Daugherty-Thompson,food_dining,108.12,M,Methuen,MA,1844,42.728,-71.181,47249,Market researcher,1367708582,42.055257,-71.289335,1,2093.0,40,23,4,5,0,2058,75.33279293487105,1,0,53.58077745383868,2.017887853403179,53.38130177514793,2.0254283129965946,1689.0,0,0.30128562
2296006538441789,fraud_Kris-Padberg,shopping_pos,849.88,F,Brooklyn,NY,11217,40.6816,-73.9798,2504700,Medical sales representative,1367779948,39.971384,-73.50256800000001,1,-1.0,21,18,5,5,1,2033,88.73126301717903,0,0,50.01097393015248,16.9938702091061,47.065433242506806,18.05741372061645,59104.0,0,0.4021572
2296006538441789,"fraud_Reichert, Huels and Hoppe",shopping_net,1132.3,F,Brooklyn,NY,11217,40.6816,-73.9798,2504700,Medical sales representative,1367783159,40.815843,-74.000875,1,7022.0,21,19,5,5,1,2033,15.03234317537211,0,0,50.01097393015248,22.6410307781932,47.50269607843137,23.83654178555397,3211.0,0,0.01404193
2296006538441789,"fraud_Herman, Treutel and Dickens",misc_net,791.02,F,Brooklyn,NY,11217,40.6816,-73.9798,2504700,Medical sales representative,1367791579,39.884229,-73.025419,1,-1.0,21,22,5,5,1,2033,120.06169189622054,1,0,50.01097393015248,15.816928522623318,48.09322264561786,16.447639739776847,8420.0,0,0.31725267
2296006538441789,fraud_Predovic Inc,shopping_net,979.39,F,Brooklyn,NY,11217,40.6816,-73.9798,2504700,Medical sales representative,1367794339,40.431549,-73.365581,1,-1.0,21,22,5,5,1,2033,58.86998428898322,1,0,50.01097393015248,19.583501840373252,48.968950516585096,20.00022442115222,1461.0,0,0.7653087
4536996888716062123,fraud_Kuhn LLC,misc_net,778.53,M,Espanola,NM,87533,35.9866,-106.0654,18408,Historic buildings inspector/conservation officer,1367832092,36.792792,-105.118465,1,-1.0,48,9,6,5,2,2611,123.37082276583052,0,0,57.45534661049407,13.55017497810732,53.576190075693866,14.531268440329036,19354.0,0,0.72770065
3565996340207976,fraud_Medhurst PLC,shopping_net,1045.55,M,El Paso,TX,79906,31.8092,-106.4247,749635,Market researcher,1368022066,31.929436,-107.222689,1,-1.0,47,14,8,5,4,538,76.53295990110809,0,0,66.62052044609665,15.694113360251595,55.43345679012346,18.861353062619845,28023.0,0,0.4834085
676326610042,fraud_Herzog Ltd,misc_pos,8.29,F,Riverview,MI,48193,42.1782,-83.2461,15623,Writer,1368152160,42.053531,-83.31636800000001,1,48179.0,27,2,10,5,6,504,15.025425570876491,1,1,92.4810119047619,0.089640022630128,90.33223234624145,0.09177233623790688,80.0,0,0.53803974
676326610042,fraud_Daugherty LLC,kids_pets,17.99,F,Riverview,MI,48193,42.1782,-83.2461,15623,Writer,1368209882,42.440892,-82.951309,1,48021.0,27,18,10,5,6,504,37.95841867526232,0,1,92.4810119047619,0.1945264182287097,95.20049661399548,0.18896960246901987,52215.0,0,0.53161186
676326610042,"fraud_Hauck, Dietrich and Funk",kids_pets,16.61,F,Riverview,MI,48193,42.1782,-83.2461,15623,Writer,1368223954,42.768787,-83.599462,1,48442.0,27,22,10,5,6,504,71.78078448667526,1,1,92.4810119047619,0.1796044361744785,95.02659909909909,0.17479316483459706,14072.0,0,0.1881034
2229824890647120,"fraud_Berge, Kautzer and Harris",personal_care,47.91,M,Pearlington,MS,39572,30.2508,-89.6011,1414,"Therapist, occupational",1368224532,29.307097,-90.017551,1,70358.0,62,22,10,5,6,529,112.36857231676488,1,1,70.28950850661626,0.6816095462595287,69.15205450733752,0.6928210642666648,28997.0,0,0.18773098
676326610042,fraud_Ziemann-Waters,health_fitness,18.31,F,Riverview,MI,48193,42.1782,-83.2461,15623,Writer,1368225387,41.87344,-84.157735,1,49235.0,27,22,10,5,6,504,82.57471649786008,1,1,92.4810119047619,0.1979865879804155,95.16609865470852,0.19240044783630603,1335.0,0,0.6901781
30408301059761,fraud_Thiel PLC,misc_pos,7.24,M,Cross,SC,29436,33.3364,-80.1859,4471,Occupational hygienist,1368227295,32.679301,-79.220835,1,-1.0,47,23,10,5,6,520,115.91632734295143,1,1,106.8283846153846,0.0677722501006286,108.75115468409585,0.06657400577521227,53623.0,0,0.7693418
4452366298769043,fraud_Nader-Maggio,personal_care,21.46,F,Blooming Grove,TX,76626,32.0758,-96.701,1563,Financial adviser,1368376296,32.429526,-96.487926,1,75158.0,42,16,12,5,1,2555,44.14213420396656,0,0,55.7538747553816,0.3849059835599783,55.388877507469054,0.38744240659338464,49468.0,0,0.30868015
4452366298769043,fraud_Baumbach Ltd,personal_care,19.12,F,Blooming Grove,TX,76626,32.0758,-96.701,1563,Financial adviser,1368400350,33.029036,-96.69607,1,75074.0,42,23,12,5,1,2555,105.99601420210568,1,0,55.7538747553816,0.3429358064150412,55.37440273037543,0.34528589126455345,24054.0,0,0.47185796
4452366298769043,fraud_Bartoletti and Sons,personal_care,19.91,F,Blooming Grove,TX,76626,32.0758,-96.701,1563,Financial adviser,1368401715,32.075575,-96.574505,1,75102.0,42,23,12,5,1,2555,11.918476157210284,1,0,55.7538747553816,0.3571052251947422,55.35894243070363,0.359652824381944,1365.0,0,0.7665803
3561212938177173,fraud_Gleason-Macejkovic,shopping_net,876.91,M,Dadeville,AL,36853,32.8224,-85.7704,8269,Minerals surveyor,1368539860,32.149248,-85.842196,1,36029.0,43,13,14,5,3,530,75.1533957701448,0,0,82.02335849056604,10.690978961814375,81.71389898989898,10.731466872097227,48840.0,0,0.77216315
30103132002433,fraud_Wiza LLC,misc_pos,7.86,F,Morrisdale,PA,16858,41.0001,-78.2357,3688,Dispensing optician,1368751635,40.656285,-77.387529,1,17076.0,33,0,17,5,6,1035,80.95830540092626,1,1,84.20833816425122,0.0933399253725777,83.24460887949259,0.09442052891831558,708.0,0,0.7916893
30103132002433,fraud_Kihn-Schuster,food_dining,132.82,F,Morrisdale,PA,16858,41.0001,-78.2357,3688,Dispensing optician,1368756583,41.744892,-78.109832,1,16746.0,33,2,17,5,6,1035,83.48039648166618,1,1,84.20833816425122,1.577278484476562,83.16500527983104,1.597065972076733,4948.0,0,0.7062526
30103132002433,"fraud_Okuneva, Schneider and Rau",shopping_pos,769.35,F,Morrisdale,PA,16858,41.0001,-78.2357,3688,Dispensing optician,1368789389,40.660602,-78.673997,1,16646.0,33,11,17,5,6,1035,52.77258475682196,0,1,84.20833816425122,9.136268649541057,83.21738396624471,9.245063511153749,32806.0,0,0.7819604
30103132002433,"fraud_Medhurst, Cartwright and Ebert",personal_care,21.0,F,Morrisdale,PA,16858,41.0001,-78.2357,3688,Dispensing optician,1368828105,41.489279,-78.305863,1,15834.0,33,22,17,5,6,1035,54.70962083271382,1,1,84.20833816425122,0.2493814800030703,83.9403898840885,0.250177537047403,38716.0,0,0.6318919
30103132002433,fraud_Torphy-Kertzmann,health_fitness,22.35,F,Morrisdale,PA,16858,41.0001,-78.2357,3688,Dispensing optician,1368828854,41.863258,-77.681533,1,16943.0,33,22,17,5,6,1035,106.51854696374836,1,1,84.20833816425122,0.2654131465746963,83.87413684210526,0.266470700522073,749.0,0,0.66139823
30103132002433,fraud_Reichel LLC,personal_care,26.06,F,Morrisdale,PA,16858,41.0001,-78.2357,3688,Dispensing optician,1368833056,40.234929,-78.12945400000001,1,16621.0,33,23,17,5,6,1035,85.55439925120699,1,1,84.20833816425122,0.3094705413752387,83.80944269190326,0.3109434827743775,4202.0,0,0.062133446
374821819075109,fraud_Ziemann-Waters,health_fitness,19.34,M,Palmyra,NY,14522,43.0622,-77.2218,9565,Exhibition designer,1368835137,43.696085,-76.51573499999999,1,-1.0,93,23,17,5,6,495,90.68749752351172,1,1,74.17941414141414,0.260719233548146,72.62110132158591,0.2663137799901607,5794.0,0,0.0423621
374821819075109,fraud_Tromp Group,travel,12.36,M,Palmyra,NY,14522,43.0622,-77.2218,9565,Exhibition designer,1368910817,42.928299,-77.3623,1,14425.0,93,21,18,5,0,495,18.7684785953288,0,0,74.17941414141414,0.1666230468797872,72.99287280701755,0.1693316008081779,62632.0,0,0.08097623
30143535920989,fraud_Breitenberg LLC,travel,9.16,F,Bridgeport,NJ,8014,39.8016,-75.3478,504,"Engineer, control and instrumentation",1368918157,38.852024,-75.27278299999999,1,19960.0,40,23,18,5,0,1514,105.78499433536862,1,0,56.90542272126816,0.1609688420182227,53.77128869690424,0.17035113388545894,77961.0,0,0.5100298
30175986190993,"fraud_Moore, Williamson and Emmerich",home,356.59,F,Winger,MN,56592,47.5375,-95.9941,516,Applications developer,1368920196,47.268959,-95.234728,1,-1.0,54,23,18,5,0,2059,64.48100338614037,1,0,60.49865468674113,5.89418065321294,59.786829521829524,5.964357080848398,13035.0,0,0.6996264
30143535920989,fraud_Dickinson-Rempel,misc_pos,774.77,F,Bridgeport,NJ,8014,39.8016,-75.3478,504,"Engineer, control and instrumentation",1368962854,40.612686,-75.4334,1,18109.0,40,11,19,5,1,1514,90.48111229181448,0,0,56.90542272126816,13.615046913805507,55.41437679083095,13.981389756028006,3710.0,0,0.15347187
3528407217576457,fraud_Ziemann-Waters,health_fitness,14.13,F,Kingsport,TN,37663,36.4715,-82.4834,87124,Warden/ranger,1369088058,35.759923,-82.597042,1,28701.0,33,22,20,5,2,997,79.77950254913047,1,0,88.11523570712136,0.1603581932977571,88.08470334412081,0.16041377746143143,75322.0,0,0.2101825
4220495028289516646,fraud_McDermott-Rice,misc_pos,7.76,F,Corona,CA,92882,33.8419,-117.6043,233717,Wellsite geologist,1369174046,33.238405,-118.373157,1,-1.0,54,22,21,5,3,1027,97.88142954248448,1,0,67.66417721518988,0.1146840221720447,65.43057324840764,0.11859899149193,71320.0,0,0.6956374
3567697931646329,fraud_Schimmel-Olson,kids_pets,16.38,M,Hudson,NY,12534,42.247,-73.7552,17867,Travel agency manager,1369175722,42.415671,-74.233956,1,12469.0,22,22,21,5,3,2521,43.59539796016837,1,0,49.73188417294725,0.3293661656380648,49.19938784067086,0.3329309716829324,63103.0,0,0.07149861
4239436242473,fraud_Rolfson-Kunde,personal_care,19.31,M,Alexandria,VA,22311,38.832,-77.12,321490,"Scientist, biomedical",1369175931,37.957702000000005,-77.62435500000001,1,23015.0,29,22,21,5,3,1049,106.6915382757882,1,0,60.49279313632031,0.3192115787493061,57.00451546391753,0.3387450948902944,41158.0,0,0.5281963
4239436242473,"fraud_Turcotte, Batz and Buckridge",health_fitness,22.71,M,Alexandria,VA,22311,38.832,-77.12,321490,"Scientist, biomedical",1369179969,38.118145,-76.41828100000001,1,20684.0,29,23,21,5,3,1049,100.16025956524552,1,0,60.49279313632031,0.3754166210977081,59.55569815195072,0.3813237138461141,1576.0,0,0.41240704
4969856774088583,fraud_Shields-Wunsch,health_fitness,19.9,F,Metairie,LA,70003,29.9975,-90.2146,137067,Advertising account planner,1369262332,30.089477,-89.689751,1,70461.0,69,22,22,5,4,1027,51.544338535896784,1,0,72.26184031158715,0.2753873955353589,69.28583592938735,0.2872159905854507,6587.0,0,0.1615144
348789608637806,fraud_Wilkinson LLC,personal_care,48.07,F,Holstein,NE,68950,40.4542,-98.6538,331,Telecommunications researcher,1369323602,40.094864,-98.891507,1,68939.0,70,15,23,5,5,2080,44.75694875648684,0,1,62.42998557692307,0.7699825581534145,59.97393535146229,0.8015148533825195,51919.0,0,0.2006013
4433091568498503,fraud_Stamm-Rodriguez,misc_pos,8.48,F,Gaithersburg,MD,20882,39.2335,-77.1458,135332,Clinical biochemist,1369351725,39.517724,-77.073183,1,21776.0,84,23,23,5,5,513,32.21472654323356,1,1,95.41345029239766,0.0888763583542232,92.26646934460888,0.09190771100526007,34404.0,0,0.57501465
5388659976630693,fraud_Hilpert-Conroy,kids_pets,4.15,M,Seneca,WI,54654,43.2064,-90.9405,153,Quantity surveyor,1369439173,44.049193,-89.955079,1,54613.0,58,23,24,5,6,1558,122.7702028489358,1,1,64.81338254172016,0.0640299863585835,62.07648261758692,0.06685301462013349,679.0,0,0.45052138
213186334552049,fraud_Jast and Sons,food_dining,96.74,F,Irvine,PA,16329,41.8117,-79.2643,528,Chief Marketing Officer,1369483248,42.744417,-79.545526,1,-1.0,48,12,25,5,0,1037,106.26263564629733,0,0,54.30072324011572,1.7815600645357783,52.41131147540984,1.8457847605165947,30311.0,0,0.062307667
213186334552049,fraud_Runte-Mohr,food_dining,107.75,F,Irvine,PA,16329,41.8117,-79.2643,528,Chief Marketing Officer,1369607889,40.875457,-79.93509399999999,1,16045.0,48,22,26,5,1,1037,118.20970183491131,1,0,54.30072324011572,1.9843197948493916,54.636221995926675,1.97213489629706,60963.0,0,0.6500474
4344955088481397,fraud_Abshire PLC,entertainment,454.93,M,Fenelton,PA,16034,40.8555,-79.7372,2054,Communications engineer,1369682117,41.634381,-80.201413,1,16335.0,44,19,27,5,2,1525,94.90593666092305,0,0,94.51159344262295,4.813483546610432,92.11600825877494,4.938663850066077,5630.0,0,0.7764291
6515067575568369,fraud_Bradtke PLC,grocery_pos,258.23,M,Damascus,VA,24236,36.6403,-81.7776,3085,Land/geomatics surveyor,1369905266,37.017945000000005,-81.306155,1,24318.0,30,9,30,5,5,521,59.36315241051014,0,1,61.52921305182342,4.196868238547175,61.61839103869654,4.190794268513613,20505.0,0,0.5198903
4841313716651064,"fraud_Kunze, Larkin and Mayert",travel,9.23,M,West Hartford,VT,5084,43.7185,-72.4439,140,"Development worker, community",1369943827,44.215232,-71.477553,1,-1.0,31,19,30,5,5,2051,95.03580361982247,0,1,97.2383227693808,0.0949214233352286,94.95398248325606,0.09720498033484372,6078.0,0,0.0549854
6515067575568369,fraud_Abbott-Steuber,personal_care,22.97,M,Damascus,VA,24236,36.6403,-81.7776,3085,Land/geomatics surveyor,1369957611,37.003034,-81.98945,1,24260.0,30,23,30,5,5,521,44.52456684891397,1,1,61.52921305182342,0.373318605272155,62.01800813008129,0.37037629379874587,52345.0,0,0.47722742
3566875419572867,fraud_Erdman-Ebert,personal_care,21.62,M,South Hero,VT,5486,44.64,-73.3113,1654,Transport planner,1370370010,45.60688,-73.995909,1,-1.0,29,18,4,6,3,1022,120.18151328972608,0,0,104.64610567514676,0.2066010948091564,101.25908530318604,0.213511705495524,69593.0,0,0.7871578
3502088871723054,fraud_Kerluke Inc,misc_net,633.21,M,Kensington,MD,20895,39.0298,-77.0793,19054,Operations geologist,1370389576,38.95293,-76.852099,1,20706.0,44,23,4,6,3,2564,21.415621761396967,1,0,60.58845163806553,10.45100151729537,60.01487221095335,10.550884750270825,6261.0,0,0.3584862
4440581794652,"fraud_Lakin, Ferry and Beatty",food_dining,114.36,F,San Diego,CA,92128,33.0067,-117.069,1241364,"Pharmacist, hospital",1370475187,32.641172999999995,-116.296495,1,91905.0,60,23,5,6,4,523,82.84005025697164,1,0,72.05929254302103,1.5870264051194298,68.17101593625497,1.6775457785011625,1186.0,0,0.7091648
676372984911,fraud_O'Connell-Ullrich,home,240.97,F,Esbon,KS,66941,39.7562,-98.4462,242,Tourism officer,1370617358,39.149318,-98.281797,1,67452.0,33,15,7,6,6,2574,68.94264544447203,0,1,58.35605672105672,4.1293057403080216,55.10944067119456,4.372572050544397,45076.0,0,0.5635762
4334230547694630,fraud_Herzog Ltd,misc_pos,50.53,M,Freedom,WY,83120,43.0172,-111.0292,471,"Education officer, museum",1370625390,42.355768,-111.80817,1,83283.0,53,17,7,6,6,2054,97.2780201151954,0,1,69.72444498539436,0.7247099637807781,67.31590610802625,0.750639825287521,25591.0,0,0.29050136
676372984911,fraud_Zboncak LLC,food_dining,139.93,F,Esbon,KS,66941,39.7562,-98.4462,242,Tourism officer,1370646404,40.277909,-99.408757,1,-1.0,33,23,7,6,6,2574,100.42038308139308,1,1,58.35605672105672,2.3978659262202826,55.1836661341853,2.5357140944522323,29046.0,0,0.38139242
676372984911,"fraud_Boehm, Predovic and Reinger",misc_pos,872.53,F,Esbon,KS,66941,39.7562,-98.4462,242,Tourism officer,1370669445,38.819317,-98.446925,1,67490.0,33,5,8,6,0,2574,104.1766551435804,0,0,58.35605672105672,14.95183274926737,56.61410123555201,15.41188468875801,5780.0,0,0.73866576
4681601008538160,fraud_McGlynn-Heathcote,misc_net,849.22,F,Moundsville,WV,26041,39.9148,-80.73100000000001,16183,Physiotherapist,1370688181,39.400737,-81.10985600000001,1,26170.0,43,10,8,6,0,2564,65.72083404374622,0,0,87.99695787831514,9.650560888415338,87.7974680511182,9.67248849938998,25247.0,0,0.7351491
676372984911,fraud_Lynch-Wisozk,home,259.21,F,Esbon,KS,66941,39.7562,-98.4462,242,Tourism officer,1370693496,39.025308,-98.429109,1,67481.0,33,12,8,6,0,2574,81.28475193447424,0,0,58.35605672105672,4.441869697245475,56.93916733067729,4.552402364696061,24051.0,0,0.27799803
4334230547694630,fraud_Connelly PLC,food_dining,109.87,M,Freedom,WY,83120,43.0172,-111.0292,471,"Education officer, museum",1370720907,43.766999,-111.557074,1,83448.0,53,19,8,6,0,2054,93.65039249747078,0,0,69.72444498539436,1.5757744650820125,68.51515349773528,1.6035868620455134,10093.0,0,0.0286932
676372984911,fraud_Boyer-Haley,travel,10.33,F,Esbon,KS,66941,39.7562,-98.4462,242,Tourism officer,1370725328,39.647883,-99.273257,1,67639.0,33,21,8,6,0,2574,71.77290315735362,0,0,58.35605672105672,0.1770167585067928,57.019721226602954,0.18116538940882204,31832.0,0,0.063523315
676372984911,"fraud_Hermiston, Pacocha and Smith",health_fitness,19.17,F,Esbon,KS,66941,39.7562,-98.4462,242,Tourism officer,1370731234,40.455184,-98.122221,1,68938.0,33,22,8,6,0,2574,82.4628578880323,1,0,58.35605672105672,0.3285006060576204,57.001134554140116,0.3363090954232181,5906.0,0,0.39165333
676372984911,fraud_Cartwright PLC,kids_pets,23.1,F,Esbon,KS,66941,39.7562,-98.4462,242,Tourism officer,1370734644,40.611311,-97.956204,1,68975.0,33,23,8,6,0,2574,103.79566745342088,1,0,58.35605672105672,0.39584580072671,56.986080382013526,0.40536214888173,3410.0,0,0.8045353
4681601008538160,"fraud_Hahn, Douglas and Schowalter",travel,9.34,F,Moundsville,WV,26041,39.9148,-80.73100000000001,16183,Physiotherapist,1370734898,39.892369,-81.004168,1,43902.0,43,23,8,6,0,2564,23.43444511890645,1,0,87.99695787831514,0.1061400328510859,88.10142914171658,0.1060141712908656,46717.0,0,0.18490441
3549202406645667,fraud_Simonis-Prohaska,misc_pos,8.78,M,Scarborough,ME,4074,43.5835,-70.3457,18760,Make,1370886840,43.495506,-69.37389300000001,1,-1.0,87,17,10,6,2,1527,78.94090902766897,0,0,69.10605762933857,0.1270510907610001,66.2647160988644,0.1324988699400836,58232.0,0,0.16545315
4179719215697782,fraud_Yost-Rogahn,personal_care,20.33,F,Rockwell,IA,50469,43.0032,-93.2167,1574,"Scientist, audiological",1371160891,43.979065000000006,-93.103651,1,55924.0,38,22,13,6,5,514,108.8937507425605,1,1,65.38468871595332,0.3109290630459123,62.68621513944223,0.3243137259886718,39910.0,0,0.520943
630424987505,fraud_Feil-Morar,health_fitness,24.75,F,Thomas,WV,26292,39.1505,-79.503,836,Forensic psychologist,1371252820,39.957705,-80.299501,1,15364.0,39,23,14,6,6,3099,112.77945877249836,1,1,57.94916101968377,0.4270985043526875,56.51760535772624,0.4379166428468745,936.0,0,0.45695022
630424987505,fraud_Fadel Inc,health_fitness,17.81,F,Thomas,WV,26292,39.1505,-79.503,836,Forensic psychologist,1371303471,38.439926,-80.214887,1,26298.0,39,13,15,6,0,3099,100.24500343641728,0,0,57.94916101968377,0.3073383580816713,57.683047588005216,0.3087562246573023,23484.0,0,0.07951362
4951647200979051,"fraud_Medhurst, Cartwright and Ebert",personal_care,20.62,F,Logan,IL,62856,37.9943,-88.9417,324,"Scientist, research (physical sciences)",1371318431,37.811274,-89.519663,1,62907.0,44,17,15,6,0,2043,54.6411468402572,0,0,59.72483113069016,0.3452500343597325,57.311795252225515,0.3597863216333167,65574.0,0,0.15316872
4951647200979051,fraud_Denesik and Sons,shopping_pos,780.14,F,Logan,IL,62856,37.9943,-88.9417,324,"Scientist, research (physical sciences)",1371319210,37.978498,-88.144183,1,62867.0,44,18,15,6,0,2043,69.91549796989511,0,0,59.72483113069016,13.062238690853624,57.29365793376174,13.616515826270584,779.0,0,0.0453436
4951647200979051,"fraud_Hauck, Dietrich and Funk",kids_pets,19.21,F,Logan,IL,62856,37.9943,-88.9417,324,"Scientist, research (physical sciences)",1371322240,37.623205,-89.02861700000001,1,62902.0,44,18,15,6,0,2043,41.96440977835026,0,0,59.72483113069016,0.3216417633390137,57.65079545454545,0.33321309530145254,3030.0,0,0.009512969
630424987505,fraud_Roob-Okuneva,health_fitness,19.04,F,Thomas,WV,26292,39.1505,-79.503,836,Forensic psychologist,1371334759,39.650899,-79.88995899999999,1,26505.0,39,22,15,6,0,3099,64.81874602140078,1,0,57.94916101968377,0.3285638595101079,57.67005539263604,0.3301540092231512,31288.0,0,0.69879484
4951647200979051,"fraud_Dare, Casper and Bartoletti",kids_pets,19.59,F,Logan,IL,62856,37.9943,-88.9417,324,"Scientist, research (physical sciences)",1371335617,37.755081,-88.257924,1,62979.0,44,22,15,6,0,2043,65.64692056507548,1,0,59.72483113069016,0.3280042760963705,57.63181234567901,0.33991643161415824,13377.0,0,0.32809365
4951647200979051,fraud_Bahringer Group,health_fitness,19.42,F,Logan,IL,62856,37.9943,-88.9417,324,"Scientist, research (physical sciences)",1371414765,37.507758,-88.634198,1,62928.0,44,20,16,6,1,2043,60.47990266249852,0,0,59.72483113069016,0.3251578888101846,57.91285009861933,0.33533145004830256,60704.0,0,0.10584756
4951647200979051,fraud_Hickle Group,shopping_pos,635.09,F,Logan,IL,62856,37.9943,-88.9417,324,"Scientist, research (physical sciences)",1371425438,38.316825,-88.635398,1,62851.0,44,23,16,6,1,2043,44.75974671250459,1,0,59.72483113069016,10.633600597552014,58.156192118226606,10.920419251468802,1687.0,0,0.49123007
3527536963490470,fraud_Klocko LLC,misc_net,939.56,F,Brunson,SC,29911,32.9413,-81.1807,1725,Social researcher,1371445725,32.621935,-81.044002,1,29934.0,46,5,17,6,2,2503,37.74117992673063,0,0,54.77057131442269,17.154467763468197,53.91881144238517,17.42545829304796,4874.0,0,0.38618866
4089096483689733451,"fraud_Kerluke, Considine and Macejkovic",misc_net,742.74,F,Kilgore,TX,75662,32.3836,-94.8653,24536,Multimedia programmer,1371454617,32.970681,-94.210171,1,75555.0,37,7,17,6,2,1533,89.56145448413203,0,0,88.34521200260926,8.407246789764491,87.78076771653544,8.461306722657982,51071.0,0,0.17730962
3527536963490470,"fraud_Douglas, Schneider and Turner",shopping_pos,885.7,F,Brunson,SC,29911,32.9413,-81.1807,1725,Social researcher,1371467384,32.340725,-80.71889300000001,1,29902.0,46,11,17,6,2,2503,79.55751099189789,0,0,54.77057131442269,16.171092956387866,54.275493354812724,16.31859878656383,21659.0,0,0.64196104
342319985983023,fraud_Kozey-Kuhlman,personal_care,18.62,M,Margaretville,NY,12455,42.1852,-74.6178,1988,Environmental health practitioner,1371475555,41.877626,-75.33067199999999,1,18437.0,42,13,17,6,2,1542,68.09034221201308,0,0,95.43739948119324,0.1951017117107139,91.6435475409836,0.20317851610527204,38785.0,0,0.73960763
4873783502705038,fraud_Erdman-Durgan,health_fitness,18.99,F,Burlington,WA,98233,48.4786,-122.3345,14871,Public house manager,1371505862,47.972472,-122.967674,1,98368.0,46,21,17,6,2,2038,73.26148192185953,0,0,95.29596663395483,0.1992739112762584,95.53640316205535,0.19877239849387954,73807.0,0,0.71734226
2222001896600109,"fraud_Zemlak, Tillman and Cremin",personal_care,18.55,F,Moro,IL,62067,38.9318,-89.9618,2401,"Buyer, industrial",1371506824,39.173175,-90.028297,1,62685.0,48,22,17,6,2,1538,27.447025250662985,1,0,55.0239466840052,0.3371259445733699,53.26049277266755,0.3482881782408061,68790.0,0,0.71988523
3527536963490470,fraud_Rau-Robel,kids_pets,20.91,F,Brunson,SC,29911,32.9413,-81.1807,1725,Social researcher,1371508733,33.929482,-80.478192,1,29152.0,46,22,17,6,2,2503,127.761460449383,1,0,54.77057131442269,0.3817743634617481,54.61020531400966,0.3828954657790998,41349.0,0,0.5962653
3527536963490470,fraud_Friesen-Ortiz,personal_care,18.81,F,Brunson,SC,29911,32.9413,-81.1807,1725,Social researcher,1371510021,31.950096,-82.07906700000001,1,30427.0,46,23,17,6,2,2503,138.75837783214678,1,0,54.77057131442269,0.343432605294858,54.596643863179075,0.3445266717701267,1288.0,0,0.7449791
3527536963490470,fraud_Satterfield-Lowe,travel,9.72,F,Brunson,SC,29911,32.9413,-81.1807,1725,Social researcher,1371593788,33.762304,-81.404825,1,29164.0,46,22,18,6,3,2503,93.63479470861326,1,0,54.77057131442269,0.1774675663724625,54.763311922922526,0.1774910913657042,154.0,0,0.3618441
2222001896600109,fraud_Daugherty LLC,kids_pets,23.84,F,Moro,IL,62067,38.9318,-89.9618,2401,"Buyer, industrial",1371594495,39.865554,-90.552878,1,62665.0,48,22,18,6,3,1538,115.58425018084662,1,0,55.0239466840052,0.4332659039692258,55.12307441253264,0.432486762650158,135.0,0,0.7464403
4783226709001,fraud_Schaefer Ltd,kids_pets,4.06,F,Mc Cracken,KS,67556,38.5957,-99.554,320,Film/video editor,1371594573,39.010193,-99.355943,1,67601.0,59,22,18,6,3,1560,49.18124270829806,1,0,61.95489102564103,0.0655315493706494,58.22324902723735,0.0697315946435881,377.0,0,0.39831984
3573030041201292,"fraud_Ledner, Hartmann and Feest",health_fitness,21.53,F,Altonah,UT,84002,40.3207,-110.436,302,"Sales professional, IT",1371680686,40.10562,-110.086273,1,84052.0,30,22,19,6,4,2089,38.12940266918519,1,0,61.09938726663475,0.3523766925197487,58.98334619093539,0.36501828720101925,92153.0,0,0.59754425
3573030041201292,fraud_Rau-Robel,kids_pets,23.84,F,Altonah,UT,84002,40.3207,-110.436,302,"Sales professional, IT",1371768989,40.267869,-111.303847,1,84082.0,30,22,20,6,5,2089,73.83761796377176,1,1,61.09938726663475,0.3901839456419325,60.95616306954437,0.391100732058892,148.0,0,0.684615
3524574586339330,fraud_Kemmer-Buckridge,misc_pos,9.18,F,Vero Beach,FL,32960,27.633000000000003,-80.4031,105638,"Librarian, public",1371773229,26.705832,-80.392034,1,33470.0,34,0,21,6,6,1553,103.10218936480146,1,1,86.6590598840953,0.1059323746677849,85.40930322580645,0.10748243637733201,12312.0,0,0.1311088
